,part_name,feature_name,gt_exists,gt_quantity,pred_exists,pred_quantity
0,easy_24,Hole (Through / Blind Hole),True,6,True,2
1,easy_24,Slot (Through / Blind / T-Slot / Dovetail),False,0,False,0
2,easy_24,Step (Through / Blind Step),False,0,False,0
3,easy_24,Pocket (Blind / Through / Circular End Pocket),False,0,False,0
4,easy_24,Chamfer / Bevel (Sharp Edge),False,0,True,1
5,easy_24,Fillet / Round (Concave / Convex),False,0,False,0
6,easy_24,Threaded Feature,False,0,False,0
7,easy_24,Gear Teeth,False,0,False,0
8,easy_24,Neck,False,0,False,0
9,easy_24,Pipe / Tube,False,0,False,0
10,easy_24,"Boss (Circular / Obround / Irregular / Rectangular, etc)",False,0,False,0
11,easy_24,"Freeform Features (Depression, Protrusion)",False,0,False,0
12,easy_24,Rib,False,0,False,0
13,easy_24,Gusset,False,0,False,0
14,easy_24,Draft,False,0,False,0
15,easy_24,Sheet Metal Features,False,0,False,0
16,medium_20,Hole (Through / Blind Hole),True,3,True,2
17,medium_20,Slot (Through / Blind / T-Slot / Dovetail),True,1,True,1
18,medium_20,Step (Through / Blind Step),True,1,False,0
19,medium_20,Pocket (Blind / Through / Circular End Pocket),True,4,True,1
20,medium_20,Chamfer / Bevel (Sharp Edge),True,1,True,1
21,medium_20,Fillet / Round (Concave / Convex),True,1,True,1
22,medium_20,Threaded Feature,False,0,False,0
23,medium_20,Gear Teeth,False,0,False,0
24,medium_20,Neck,False,0,False,0
25,medium_20,Pipe / Tube,True,1,False,0
26,medium_20,"Boss (Circular / Obround / Irregular / Rectangular, etc)",True,4,False,0
27,medium_20,"Freeform Features (Depression, Protrusion)",False,0,False,0
28,medium_20,Rib,False,0,False,0
29,medium_20,Gusset,False,0,False,0
30,medium_20,Draft,False,0,False,0
31,medium_20,Sheet Metal Features,False,0,False,0
32,medium_22,Hole (Through / Blind Hole),True,6,True,2
33,medium_22,Slot (Through / Blind / T-Slot / Dovetail),False,0,False,0
34,medium_22,Step (Through / Blind Step),False,0,False,0
35,medium_22,Pocket (Blind / Through / Circular End Pocket),False,0,False,0
36,medium_22,Chamfer / Bevel (Sharp Edge),False,0,False,0
37,medium_22,Fillet / Round (Concave / Convex),True,1,True,1
38,medium_22,Threaded Feature,False,0,False,0
39,medium_22,Gear Teeth,False,0,False,0
40,medium_22,Neck,False,0,False,0
41,medium_22,Pipe / Tube,False,0,False,0
42,medium_22,"Boss (Circular / Obround / Irregular / Rectangular, etc)",False,0,False,0
43,medium_22,"Freeform Features (Depression, Protrusion)",False,0,False,0
44,medium_22,Rib,False,0,False,0
45,medium_22,Gusset,False,0,False,0
46,medium_22,Draft,False,0,False,0
47,medium_22,Sheet Metal Features,False,0,False,0
48,hard_19,Hole (Through / Blind Hole),True,2,False,0
49,hard_19,Slot (Through / Blind / T-Slot / Dovetail),True,1,True,1
50,hard_19,Step (Through / Blind Step),False,0,False,0
51,hard_19,Pocket (Blind / Through / Circular End Pocket),True,3,True,1
52,hard_19,Chamfer / Bevel (Sharp Edge),False,0,True,1
53,hard_19,Fillet / Round (Concave / Convex),True,5,True,1
54,hard_19,Threaded Feature,False,0,True,1
55,hard_19,Gear Teeth,False,0,True,1
56,hard_19,Neck,False,0,True,1
57,hard_19,Pipe / Tube,False,0,True,1
58,hard_19,"Boss (Circular / Obround / Irregular / Rectangular, etc)",True,2,True,1
59,hard_19,"Freeform Features (Depression, Protrusion)",False,0,True,1
60,hard_19,Rib,False,0,True,1
61,hard_19,Gusset,False,0,True,1
62,hard_19,Draft,False,0,True,1
63,hard_19,Sheet Metal Features,False,0,True,1
64,medium_17,Hole (Through / Blind Hole),True,16,True,1
65,medium_17,Slot (Through / Blind / T-Slot / Dovetail),False,0,False,0
66,medium_17,Step (Through / Blind Step),False,0,False,0
67,medium_17,Pocket (Blind / Through / Circular End Pocket),False,0,False,0
68,medium_17,Chamfer / Bevel (Sharp Edge),False,0,True,1
69,medium_17,Fillet / Round (Concave / Convex),False,0,False,0
70,medium_17,Threaded Feature,False,0,False,0
71,medium_17,Gear Teeth,False,0,False,0
72,medium_17,Neck,False,0,False,0
73,medium_17,Pipe / Tube,False,0,False,0
74,medium_17,"Boss (Circular / Obround / Irregular / Rectangular, etc)",False,0,False,0
75,medium_17,"Freeform Features (Depression, Protrusion)",False,0,False,0
76,medium_17,Rib,False,0,False,0
77,medium_17,Gusset,False,0,False,0
78,medium_17,Draft,False,0,False,0
79,medium_17,Sheet Metal Features,True,1,False,0
80,easy_5,Hole (Through / Blind Hole),False,0,False,0
81,easy_5,Slot (Through / Blind / T-Slot / Dovetail),True,1,True,1
82,easy_5,Step (Through / Blind Step),False,0,False,0
83,easy_5,Pocket (Blind / Through / Circular End Pocket),False,0,True,1
84,easy_5,Chamfer / Bevel (Sharp Edge),False,0,True,1
85,easy_5,Fillet / Round (Concave / Convex),False,0,True,1
86,easy_5,Threaded Feature,False,0,False,0
87,easy_5,Gear Teeth,False,0,False,0
88,easy_5,Neck,False,0,False,0
89,easy_5,Pipe / Tube,False,0,False,0
90,easy_5,"Boss (Circular / Obround / Irregular / Rectangular, etc)",True,1,False,0
91,easy_5,"Freeform Features (Depression, Protrusion)",False,0,False,0
92,easy_5,Rib,False,0,False,0
93,easy_5,Gusset,False,0,False,0
94,easy_5,Draft,False,0,False,0
95,easy_5,Sheet Metal Features,False,0,False,0
96,easy_13,Hole (Through / Blind Hole),True,3,False,0
97,easy_13,Slot (Through / Blind / T-Slot / Dovetail),True,1,False,0
98,easy_13,Step (Through / Blind Step),True,1,False,0
99,easy_13,Pocket (Blind / Through / Circular End Pocket),False,0,False,0
100,easy_13,Chamfer / Bevel (Sharp Edge),False,0,False,0
101,easy_13,Fillet / Round (Concave / Convex),False,0,False,0
102,easy_13,Threaded Feature,False,0,False,0
103,easy_13,Gear Teeth,False,0,False,0
104,easy_13,Neck,False,0,False,0
105,easy_13,Pipe / Tube,False,0,False,0
106,easy_13,"Boss (Circular / Obround / Irregular / Rectangular, etc)",True,1,True,3
107,easy_13,"Freeform Features (Depression, Protrusion)",False,0,False,0
108,easy_13,Rib,False,0,False,0
109,easy_13,Gusset,False,0,False,0
110,easy_13,Draft,False,0,False,0
111,easy_13,Sheet Metal Features,False,0,False,0
112,hard_33,Hole (Through / Blind Hole),True,2,False,0
113,hard_33,Slot (Through / Blind / T-Slot / Dovetail),True,2,False,0
114,hard_33,Step (Through / Blind Step),True,2,False,0
115,hard_33,Pocket (Blind / Through / Circular End Pocket),False,0,True,1
116,hard_33,Chamfer / Bevel (Sharp Edge),False,0,False,0
117,hard_33,Fillet / Round (Concave / Convex),True,1,True,1
118,hard_33,Threaded Feature,True,1,False,0
119,hard_33,Gear Teeth,False,0,False,0
120,hard_33,Neck,False,0,False,0
121,hard_33,Pipe / Tube,False,0,False,0
122,hard_33,"Boss (Circular / Obround / Irregular / Rectangular, etc)",False,0,True,1
123,hard_33,"Freeform Features (Depression, Protrusion)",False,0,False,0
124,hard_33,Rib,False,0,False,0
125,hard_33,Gusset,False,0,False,0
126,hard_33,Draft,False,0,False,0
127,hard_33,Sheet Metal Features,False,0,False,0
128,easy_25,Hole (Through / Blind Hole),True,3,True,2
129,easy_25,Slot (Through / Blind / T-Slot / Dovetail),False,0,False,0
130,easy_25,Step (Through / Blind Step),False,0,False,0
131,easy_25,Pocket (Blind / Through / Circular End Pocket),True,3,False,0
132,easy_25,Chamfer / Bevel (Sharp Edge),False,0,False,0
133,easy_25,Fillet / Round (Concave / Convex),False,0,True,1
134,easy_25,Threaded Feature,False,0,False,0
135,easy_25,Gear Teeth,False,0,False,0
136,easy_25,Neck,False,0,False,0
137,easy_25,Pipe / Tube,False,0,False,0
138,easy_25,"Boss (Circular / Obround / Irregular / Rectangular, etc)",False,0,False,0
139,easy_25,"Freeform Features (Depression, Protrusion)",False,0,False,0
140,easy_25,Rib,False,0,False,0
141,easy_25,Gusset,False,0,False,0
142,easy_25,Draft,False,0,False,0
143,easy_25,Sheet Metal Features,False,0,False,0
144,hard_2,Hole (Through / Blind Hole),True,2,True,2
145,hard_2,Slot (Through / Blind / T-Slot / Dovetail),False,0,True,1
146,hard_2,Step (Through / Blind Step),False,0,False,0
147,hard_2,Pocket (Blind / Through / Circular End Pocket),True,1,True,1
148,hard_2,Chamfer / Bevel (Sharp Edge),False,0,True,1
149,hard_2,Fillet / Round (Concave / Convex),True,2,True,1
150,hard_2,Threaded Feature,False,0,False,0
151,hard_2,Gear Teeth,False,0,False,0
152,hard_2,Neck,False,0,False,0
153,hard_2,Pipe / Tube,False,0,False,0
154,hard_2,"Boss (Circular / Obround / Irregular / Rectangular, etc)",False,0,False,0
155,hard_2,"Freeform Features (Depression, Protrusion)",True,1,False,0
156,hard_2,Rib,False,0,False,0
157,hard_2,Gusset,False,0,False,0
158,hard_2,Draft,False,0,False,0
159,hard_2,Sheet Metal Features,False,0,False,0
160,medium_3,Hole (Through / Blind Hole),True,1,True,2
161,medium_3,Slot (Through / Blind / T-Slot / Dovetail),False,0,False,0
162,medium_3,Step (Through / Blind Step),False,0,False,0
163,medium_3,Pocket (Blind / Through / Circular End Pocket),False,0,False,0
164,medium_3,Chamfer / Bevel (Sharp Edge),False,0,True,1
165,medium_3,Fillet / Round (Concave / Convex),True,2,True,1
166,medium_3,Threaded Feature,True,1,False,0
167,medium_3,Gear Teeth,False,0,False,0
168,medium_3,Neck,False,0,False,0
169,medium_3,Pipe / Tube,False,0,False,0
170,medium_3,"Boss (Circular / Obround / Irregular / Rectangular, etc)",True,1,False,0
171,medium_3,"Freeform Features (Depression, Protrusion)",False,0,False,0
172,medium_3,Rib,False,0,False,0
173,medium_3,Gusset,False,0,False,0
174,medium_3,Draft,False,0,False,0
175,medium_3,Sheet Metal Features,False,0,False,0
176,hard_14,Hole (Through / Blind Hole),True,1,True,2
177,hard_14,Slot (Through / Blind / T-Slot / Dovetail),False,0,True,1
178,hard_14,Step (Through / Blind Step),False,0,True,1
179,hard_14,Pocket (Blind / Through / Circular End Pocket),False,0,True,1
180,hard_14,Chamfer / Bevel (Sharp Edge),False,0,True,1
181,hard_14,Fillet / Round (Concave / Convex),True,4,True,1
182,hard_14,Threaded Feature,False,0,False,0
183,hard_14,Gear Teeth,False,0,False,0
184,hard_14,Neck,False,0,True,1
185,hard_14,Pipe / Tube,True,1,False,0
186,hard_14,"Boss (Circular / Obround / Irregular / Rectangular, etc)",False,0,False,0
187,hard_14,"Freeform Features (Depression, Protrusion)",False,0,False,0
188,hard_14,Rib,False,0,False,0
189,hard_14,Gusset,True,2,False,0
190,hard_14,Draft,False,0,False,0
191,hard_14,Sheet Metal Features,False,0,False,0
192,medium_28,Hole (Through / Blind Hole),True,3,True,2
193,medium_28,Slot (Through / Blind / T-Slot / Dovetail),False,0,False,0
194,medium_28,Step (Through / Blind Step),False,0,False,0
195,medium_28,Pocket (Blind / Through / Circular End Pocket),False,0,False,0
196,medium_28,Chamfer / Bevel (Sharp Edge),False,0,False,0
197,medium_28,Fillet / Round (Concave / Convex),True,1,True,1
198,medium_28,Threaded Feature,False,0,False,0
199,medium_28,Gear Teeth,False,0,False,0
200,medium_28,Neck,False,0,False,0
201,medium_28,Pipe / Tube,False,0,False,0
202,medium_28,"Boss (Circular / Obround / Irregular / Rectangular, etc)",False,0,False,0
203,medium_28,"Freeform Features (Depression, Protrusion)",False,0,False,0
204,medium_28,Rib,False,0,False,0
205,medium_28,Gusset,False,0,False,0
206,medium_28,Draft,False,0,False,0
207,medium_28,Sheet Metal Features,False,0,False,0
208,easy_27,Hole (Through / Blind Hole),False,0,True,2
209,easy_27,Slot (Through / Blind / T-Slot / Dovetail),True,1,False,0
210,easy_27,Step (Through / Blind Step),False,0,False,0
211,easy_27,Pocket (Blind / Through / Circular End Pocket),False,0,False,0
212,easy_27,Chamfer / Bevel (Sharp Edge),False,0,False,0
213,easy_27,Fillet / Round (Concave / Convex),True,1,True,1
214,easy_27,Threaded Feature,False,0,False,0
215,easy_27,Gear Teeth,False,0,False,0
216,easy_27,Neck,False,0,False,0
217,easy_27,Pipe / Tube,False,0,False,0
218,easy_27,"Boss (Circular / Obround / Irregular / Rectangular, etc)",True,1,False,0
219,easy_27,"Freeform Features (Depression, Protrusion)",False,0,False,0
220,easy_27,Rib,False,0,False,0
221,easy_27,Gusset,False,0,False,0
222,easy_27,Draft,False,0,False,0
223,easy_27,Sheet Metal Features,False,0,False,0
224,medium_19,Hole (Through / Blind Hole),True,2,True,2
225,medium_19,Slot (Through / Blind / T-Slot / Dovetail),False,0,False,0
226,medium_19,Step (Through / Blind Step),False,0,False,0
227,medium_19,Pocket (Blind / Through / Circular End Pocket),False,0,True,1
228,medium_19,Chamfer / Bevel (Sharp Edge),False,0,True,1
229,medium_19,Fillet / Round (Concave / Convex),True,2,True,1
230,medium_19,Threaded Feature,False,0,False,0
231,medium_19,Gear Teeth,False,0,False,0
232,medium_19,Neck,False,0,False,0
233,medium_19,Pipe / Tube,False,0,False,0
234,medium_19,"Boss (Circular / Obround / Irregular / Rectangular, etc)",False,0,False,0
235,medium_19,"Freeform Features (Depression, Protrusion)",False,0,False,0
236,medium_19,Rib,False,0,False,0
237,medium_19,Gusset,False,0,False,0
238,medium_19,Draft,False,0,False,0
239,medium_19,Sheet Metal Features,False,0,False,0
240,hard_5,Hole (Through / Blind Hole),True,11,False,0
241,hard_5,Slot (Through / Blind / T-Slot / Dovetail),False,0,True,1
242,hard_5,Step (Through / Blind Step),True,1,False,0
243,hard_5,Pocket (Blind / Through / Circular End Pocket),False,0,True,1
244,hard_5,Chamfer / Bevel (Sharp Edge),False,0,True,1
245,hard_5,Fillet / Round (Concave / Convex),True,4,True,1
246,hard_5,Threaded Feature,False,0,False,0
247,hard_5,Gear Teeth,False,0,False,0
248,hard_5,Neck,False,0,False,0
249,hard_5,Pipe / Tube,False,0,False,0
250,hard_5,"Boss (Circular / Obround / Irregular / Rectangular, etc)",False,0,False,0
251,hard_5,"Freeform Features (Depression, Protrusion)",False,0,False,0
252,hard_5,Rib,False,0,False,0
253,hard_5,Gusset,False,0,False,0
254,hard_5,Draft,False,0,False,0
255,hard_5,Sheet Metal Features,True,1,False,0
256,easy_26,Hole (Through / Blind Hole),True,1,True,2
257,easy_26,Slot (Through / Blind / T-Slot / Dovetail),True,1,False,0
258,easy_26,Step (Through / Blind Step),False,0,False,0
259,easy_26,Pocket (Blind / Through / Circular End Pocket),False,0,False,0
260,easy_26,Chamfer / Bevel (Sharp Edge),False,0,True,1
261,easy_26,Fillet / Round (Concave / Convex),True,2,False,0
262,easy_26,Threaded Feature,False,0,False,0
263,easy_26,Gear Teeth,False,0,False,0
264,easy_26,Neck,False,0,False,0
265,easy_26,Pipe / Tube,False,0,False,0
266,easy_26,"Boss (Circular / Obround / Irregular / Rectangular, etc)",False,0,False,0
267,easy_26,"Freeform Features (Depression, Protrusion)",False,0,False,0
268,easy_26,Rib,False,0,False,0
269,easy_26,Gusset,False,0,False,0
270,easy_26,Draft,False,0,False,0
271,easy_26,Sheet Metal Features,False,0,False,0
272,hard_13,Hole (Through / Blind Hole),True,7,True,1
273,hard_13,Slot (Through / Blind / T-Slot / Dovetail),False,0,True,1
274,hard_13,Step (Through / Blind Step),True,1,False,0
275,hard_13,Pocket (Blind / Through / Circular End Pocket),False,0,True,1
276,hard_13,Chamfer / Bevel (Sharp Edge),False,0,True,1
277,hard_13,Fillet / Round (Concave / Convex),False,0,True,1
278,hard_13,Threaded Feature,False,0,False,0
279,hard_13,Gear Teeth,True,1,False,0
280,hard_13,Neck,False,0,False,0
281,hard_13,Pipe / Tube,False,0,False,0
282,hard_13,"Boss (Circular / Obround / Irregular / Rectangular, etc)",False,0,False,0
283,hard_13,"Freeform Features (Depression, Protrusion)",False,0,False,0
284,hard_13,Rib,False,0,False,0
285,hard_13,Gusset,False,0,False,0
286,hard_13,Draft,False,0,False,0
287,hard_13,Sheet Metal Features,False,0,False,0
288,easy_9,Hole (Through / Blind Hole),False,0,True,2
289,easy_9,Slot (Through / Blind / T-Slot / Dovetail),False,0,True,1
290,easy_9,Step (Through / Blind Step),False,0,False,0
291,easy_9,Pocket (Blind / Through / Circular End Pocket),True,2,True,1
292,easy_9,Chamfer / Bevel (Sharp Edge),False,0,True,1
293,easy_9,Fillet / Round (Concave / Convex),False,0,True,1
294,easy_9,Threaded Feature,False,0,False,0
295,easy_9,Gear Teeth,False,0,False,0
296,easy_9,Neck,False,0,False,0
297,easy_9,Pipe / Tube,False,0,False,0
298,easy_9,"Boss (Circular / Obround / Irregular / Rectangular, etc)",False,0,False,0
299,easy_9,"Freeform Features (Depression, Protrusion)",False,0,False,0
300,easy_9,Rib,False,0,False,0
301,easy_9,Gusset,False,0,False,0
302,easy_9,Draft,False,0,False,0
303,easy_9,Sheet Metal Features,False,0,False,0
304,medium_2,Hole (Through / Blind Hole),True,1,True,2
305,medium_2,Slot (Through / Blind / T-Slot / Dovetail),False,0,False,0
306,medium_2,Step (Through / Blind Step),False,0,False,0
307,medium_2,Pocket (Blind / Through / Circular End Pocket),False,0,False,0
308,medium_2,Chamfer / Bevel (Sharp Edge),False,0,True,1
309,medium_2,Fillet / Round (Concave / Convex),True,1,True,1
310,medium_2,Threaded Feature,False,0,True,1
311,medium_2,Gear Teeth,False,0,False,0
312,medium_2,Neck,False,0,True,1
313,medium_2,Pipe / Tube,True,1,False,0
314,medium_2,"Boss (Circular / Obround / Irregular / Rectangular, etc)",True,1,False,0
315,medium_2,"Freeform Features (Depression, Protrusion)",False,0,False,0
316,medium_2,Rib,False,0,False,0
317,medium_2,Gusset,False,0,False,0
318,medium_2,Draft,False,0,False,0
319,medium_2,Sheet Metal Features,False,0,False,0
320,hard_28,Hole (Through / Blind Hole),True,4,True,2
321,hard_28,Slot (Through / Blind / T-Slot / Dovetail),False,0,True,1
322,hard_28,Step (Through / Blind Step),False,0,False,0
323,hard_28,Pocket (Blind / Through / Circular End Pocket),False,0,True,1
324,hard_28,Chamfer / Bevel (Sharp Edge),False,0,True,1
325,hard_28,Fillet / Round (Concave / Convex),True,4,True,1
326,hard_28,Threaded Feature,False,0,True,1
327,hard_28,Gear Teeth,False,0,True,1
328,hard_28,Neck,False,0,True,1
329,hard_28,Pipe / Tube,False,0,True,1
330,hard_28,"Boss (Circular / Obround / Irregular / Rectangular, etc)",False,0,True,1
331,hard_28,"Freeform Features (Depression, Protrusion)",True,3,True,1
332,hard_28,Rib,False,0,True,1
333,hard_28,Gusset,False,0,True,1
334,hard_28,Draft,False,0,True,1
335,hard_28,Sheet Metal Features,False,0,True,1
336,hard_7,Hole (Through / Blind Hole),True,119,True,2
337,hard_7,Slot (Through / Blind / T-Slot / Dovetail),True,4,True,1
338,hard_7,Step (Through / Blind Step),True,1,True,1
339,hard_7,Pocket (Blind / Through / Circular End Pocket),False,0,True,1
340,hard_7,Chamfer / Bevel (Sharp Edge),False,0,True,1
341,hard_7,Fillet / Round (Concave / Convex),False,0,True,1
342,hard_7,Threaded Feature,False,0,False,0
343,hard_7,Gear Teeth,False,0,False,0
344,hard_7,Neck,False,0,False,0
345,hard_7,Pipe / Tube,False,0,False,0
346,hard_7,"Boss (Circular / Obround / Irregular / Rectangular, etc)",False,0,False,0
347,hard_7,"Freeform Features (Depression, Protrusion)",False,0,False,0
348,hard_7,Rib,False,0,False,0
349,hard_7,Gusset,False,0,False,0
350,hard_7,Draft,False,0,False,0
351,hard_7,Sheet Metal Features,True,1,False,0
352,hard_18,Hole (Through / Blind Hole),True,3,False,0
353,hard_18,Slot (Through / Blind / T-Slot / Dovetail),False,0,False,0
354,hard_18,Step (Through / Blind Step),False,0,False,0
355,hard_18,Pocket (Blind / Through / Circular End Pocket),False,0,True,1
356,hard_18,Chamfer / Bevel (Sharp Edge),False,0,False,0
357,hard_18,Fillet / Round (Concave / Convex),True,1,True,1
358,hard_18,Threaded Feature,False,0,False,0
359,hard_18,Gear Teeth,False,0,False,0
360,hard_18,Neck,False,0,False,0
361,hard_18,Pipe / Tube,False,0,False,0
362,hard_18,"Boss (Circular / Obround / Irregular / Rectangular, etc)",True,3,True,1
363,hard_18,"Freeform Features (Depression, Protrusion)",False,0,False,0
364,hard_18,Rib,False,0,False,0
365,hard_18,Gusset,False,0,False,0
366,hard_18,Draft,False,0,False,0
367,hard_18,Sheet Metal Features,False,0,False,0
368,hard_15,Hole (Through / Blind Hole),True,3,False,0
369,hard_15,Slot (Through / Blind / T-Slot / Dovetail),False,0,False,0
370,hard_15,Step (Through / Blind Step),True,2,False,0
371,hard_15,Pocket (Blind / Through / Circular End Pocket),False,0,True,1
372,hard_15,Chamfer / Bevel (Sharp Edge),False,0,False,0
373,hard_15,Fillet / Round (Concave / Convex),True,3,True,1
374,hard_15,Threaded Feature,False,0,False,0
375,hard_15,Gear Teeth,False,0,False,0
376,hard_15,Neck,False,0,False,0
377,hard_15,Pipe / Tube,False,0,False,0
378,hard_15,"Boss (Circular / Obround / Irregular / Rectangular, etc)",True,1,False,0
379,hard_15,"Freeform Features (Depression, Protrusion)",False,0,False,0
380,hard_15,Rib,False,0,False,0
381,hard_15,Gusset,False,0,False,0
382,hard_15,Draft,False,0,False,0
383,hard_15,Sheet Metal Features,False,0,False,0
384,medium_11,Hole (Through / Blind Hole),True,1,True,2
385,medium_11,Slot (Through / Blind / T-Slot / Dovetail),False,0,True,1
386,medium_11,Step (Through / Blind Step),True,1,True,1
387,medium_11,Pocket (Blind / Through / Circular End Pocket),True,1,True,1
388,medium_11,Chamfer / Bevel (Sharp Edge),False,0,True,1
389,medium_11,Fillet / Round (Concave / Convex),True,1,True,1
390,medium_11,Threaded Feature,False,0,False,0
391,medium_11,Gear Teeth,False,0,False,0
392,medium_11,Neck,False,0,True,1
393,medium_11,Pipe / Tube,False,0,False,0
394,medium_11,"Boss (Circular / Obround / Irregular / Rectangular, etc)",True,1,False,0
395,medium_11,"Freeform Features (Depression, Protrusion)",False,0,False,0
396,medium_11,Rib,False,0,False,0
397,medium_11,Gusset,False,0,False,0
398,medium_11,Draft,False,0,False,0
399,medium_11,Sheet Metal Features,False,0,False,0
400,hard_24,Hole (Through / Blind Hole),True,1,True,2
401,hard_24,Slot (Through / Blind / T-Slot / Dovetail),False,0,True,1
402,hard_24,Step (Through / Blind Step),False,0,False,0
403,hard_24,Pocket (Blind / Through / Circular End Pocket),False,0,True,1
404,hard_24,Chamfer / Bevel (Sharp Edge),False,0,True,1
405,hard_24,Fillet / Round (Concave / Convex),True,4,True,1
406,hard_24,Threaded Feature,False,0,True,1
407,hard_24,Gear Teeth,False,0,True,1
408,hard_24,Neck,False,0,True,1
409,hard_24,Pipe / Tube,True,1,True,1
410,hard_24,"Boss (Circular / Obround / Irregular / Rectangular, etc)",True,1,True,1
411,hard_24,"Freeform Features (Depression, Protrusion)",False,0,True,1
412,hard_24,Rib,False,0,True,1
413,hard_24,Gusset,True,1,True,1
414,hard_24,Draft,False,0,True,1
415,hard_24,Sheet Metal Features,False,0,True,1
416,easy_28,Hole (Through / Blind Hole),True,1,True,2
417,easy_28,Slot (Through / Blind / T-Slot / Dovetail),False,0,False,0
418,easy_28,Step (Through / Blind Step),False,0,False,0
419,easy_28,Pocket (Blind / Through / Circular End Pocket),True,1,False,0
420,easy_28,Chamfer / Bevel (Sharp Edge),False,0,True,1
421,easy_28,Fillet / Round (Concave / Convex),True,4,False,0
422,easy_28,Threaded Feature,False,0,False,0
423,easy_28,Gear Teeth,False,0,False,0
424,easy_28,Neck,False,0,False,0
425,easy_28,Pipe / Tube,False,0,False,0
426,easy_28,"Boss (Circular / Obround / Irregular / Rectangular, etc)",False,0,False,0
427,easy_28,"Freeform Features (Depression, Protrusion)",False,0,False,0
428,easy_28,Rib,False,0,False,0
429,easy_28,Gusset,False,0,False,0
430,easy_28,Draft,False,0,False,0
431,easy_28,Sheet Metal Features,False,0,False,0
432,hard_12,Hole (Through / Blind Hole),True,10,True,1
433,hard_12,Slot (Through / Blind / T-Slot / Dovetail),False,0,False,0
434,hard_12,Step (Through / Blind Step),True,1,False,0
435,hard_12,Pocket (Blind / Through / Circular End Pocket),False,0,False,0
436,hard_12,Chamfer / Bevel (Sharp Edge),False,0,True,1
437,hard_12,Fillet / Round (Concave / Convex),False,0,False,0
438,hard_12,Threaded Feature,False,0,False,0
439,hard_12,Gear Teeth,False,0,False,0
440,hard_12,Neck,False,0,False,0
441,hard_12,Pipe / Tube,False,0,False,0
442,hard_12,"Boss (Circular / Obround / Irregular / Rectangular, etc)",False,0,False,0
443,hard_12,"Freeform Features (Depression, Protrusion)",False,0,False,0
444,hard_12,Rib,False,0,False,0
445,hard_12,Gusset,False,0,False,0
446,hard_12,Draft,False,0,False,0
447,hard_12,Sheet Metal Features,True,1,False,0
448,hard_25,Hole (Through / Blind Hole),True,11,False,0
449,hard_25,Slot (Through / Blind / T-Slot / Dovetail),False,0,False,0
450,hard_25,Step (Through / Blind Step),False,0,False,0
451,hard_25,Pocket (Blind / Through / Circular End Pocket),False,0,False,0
452,hard_25,Chamfer / Bevel (Sharp Edge),False,0,False,0
453,hard_25,Fillet / Round (Concave / Convex),True,4,True,1
454,hard_25,Threaded Feature,False,0,False,0
455,hard_25,Gear Teeth,False,0,False,0
456,hard_25,Neck,False,0,False,0
457,hard_25,Pipe / Tube,False,0,False,0
458,hard_25,"Boss (Circular / Obround / Irregular / Rectangular, etc)",True,7,True,1
459,hard_25,"Freeform Features (Depression, Protrusion)",False,0,False,0
460,hard_25,Rib,False,0,False,0
461,hard_25,Gusset,False,0,False,0
462,hard_25,Draft,False,0,False,0
463,hard_25,Sheet Metal Features,False,0,False,0
464,hard_9,Hole (Through / Blind Hole),True,2,True,2
465,hard_9,Slot (Through / Blind / T-Slot / Dovetail),True,1,False,0
466,hard_9,Step (Through / Blind Step),False,0,False,0
467,hard_9,Pocket (Blind / Through / Circular End Pocket),False,0,False,0
468,hard_9,Chamfer / Bevel (Sharp Edge),False,0,True,1
469,hard_9,Fillet / Round (Concave / Convex),True,1,True,1
470,hard_9,Threaded Feature,False,0,True,1
471,hard_9,Gear Teeth,False,0,False,0
472,hard_9,Neck,False,0,True,1
473,hard_9,Pipe / Tube,False,0,False,0
474,hard_9,"Boss (Circular / Obround / Irregular / Rectangular, etc)",True,1,False,0
475,hard_9,"Freeform Features (Depression, Protrusion)",False,0,False,0
476,hard_9,Rib,False,0,False,0
477,hard_9,Gusset,False,0,False,0
478,hard_9,Draft,False,0,False,0
479,hard_9,Sheet Metal Features,False,0,False,0
480,medium_23,Hole (Through / Blind Hole),True,3,True,2
481,medium_23,Slot (Through / Blind / T-Slot / Dovetail),False,0,True,1
482,medium_23,Step (Through / Blind Step),False,0,False,0
483,medium_23,Pocket (Blind / Through / Circular End Pocket),False,0,True,1
484,medium_23,Chamfer / Bevel (Sharp Edge),False,0,True,1
485,medium_23,Fillet / Round (Concave / Convex),False,0,True,1
486,medium_23,Threaded Feature,True,1,True,1
487,medium_23,Gear Teeth,False,0,False,0
488,medium_23,Neck,False,0,True,1
489,medium_23,Pipe / Tube,False,0,False,0
490,medium_23,"Boss (Circular / Obround / Irregular / Rectangular, etc)",True,2,False,0
491,medium_23,"Freeform Features (Depression, Protrusion)",False,0,False,0
492,medium_23,Rib,False,0,False,0
493,medium_23,Gusset,False,0,False,0
494,medium_23,Draft,False,0,False,0
495,medium_23,Sheet Metal Features,False,0,False,0
496,medium_12,Hole (Through / Blind Hole),True,1,True,2
497,medium_12,Slot (Through / Blind / T-Slot / Dovetail),True,2,False,0
498,medium_12,Step (Through / Blind Step),False,0,False,0
499,medium_12,Pocket (Blind / Through / Circular End Pocket),False,0,False,0
500,medium_12,Chamfer / Bevel (Sharp Edge),False,0,False,0
501,medium_12,Fillet / Round (Concave / Convex),True,3,True,1
502,medium_12,Threaded Feature,False,0,False,0
503,medium_12,Gear Teeth,False,0,False,0
504,medium_12,Neck,False,0,False,0
505,medium_12,Pipe / Tube,False,0,False,0
506,medium_12,"Boss (Circular / Obround / Irregular / Rectangular, etc)",False,0,False,0
507,medium_12,"Freeform Features (Depression, Protrusion)",False,0,False,0
508,medium_12,Rib,False,0,False,0
509,medium_12,Gusset,False,0,False,0
510,medium_12,Draft,False,0,False,0
511,medium_12,Sheet Metal Features,False,0,False,0
512,easy_10,Hole (Through / Blind Hole),False,0,True,2
513,easy_10,Slot (Through / Blind / T-Slot / Dovetail),False,0,False,0
514,easy_10,Step (Through / Blind Step),False,0,False,0
515,easy_10,Pocket (Blind / Through / Circular End Pocket),True,4,False,0
516,easy_10,Chamfer / Bevel (Sharp Edge),False,0,False,0
517,easy_10,Fillet / Round (Concave / Convex),False,0,True,1
518,easy_10,Threaded Feature,False,0,False,0
519,easy_10,Gear Teeth,False,0,False,0
520,easy_10,Neck,False,0,False,0
521,easy_10,Pipe / Tube,False,0,False,0
522,easy_10,"Boss (Circular / Obround / Irregular / Rectangular, etc)",False,0,True,3
523,easy_10,"Freeform Features (Depression, Protrusion)",False,0,False,0
524,easy_10,Rib,False,0,False,0
525,easy_10,Gusset,False,0,False,0
526,easy_10,Draft,False,0,False,0
527,easy_10,Sheet Metal Features,False,0,False,0
528,medium_15,Hole (Through / Blind Hole),True,19,True,2
529,medium_15,Slot (Through / Blind / T-Slot / Dovetail),True,2,True,1
530,medium_15,Step (Through / Blind Step),True,2,False,0
531,medium_15,Pocket (Blind / Through / Circular End Pocket),True,1,True,1
532,medium_15,Chamfer / Bevel (Sharp Edge),False,0,True,1
533,medium_15,Fillet / Round (Concave / Convex),True,2,True,1
534,medium_15,Threaded Feature,False,0,False,0
535,medium_15,Gear Teeth,False,0,False,0
536,medium_15,Neck,False,0,False,0
537,medium_15,Pipe / Tube,False,0,False,0
538,medium_15,"Boss (Circular / Obround / Irregular / Rectangular, etc)",True,2,False,0
539,medium_15,"Freeform Features (Depression, Protrusion)",False,0,False,0
540,medium_15,Rib,False,0,False,0
541,medium_15,Gusset,False,0,False,0
542,medium_15,Draft,False,0,False,0
543,medium_15,Sheet Metal Features,False,0,False,0
544,hard_16,Hole (Through / Blind Hole),True,6,False,0
545,hard_16,Slot (Through / Blind / T-Slot / Dovetail),True,1,True,1
546,hard_16,Step (Through / Blind Step),False,0,False,0
547,hard_16,Pocket (Blind / Through / Circular End Pocket),False,0,True,1
548,hard_16,Chamfer / Bevel (Sharp Edge),False,0,False,0
549,hard_16,Fillet / Round (Concave / Convex),True,4,True,1
550,hard_16,Threaded Feature,False,0,False,0
551,hard_16,Gear Teeth,False,0,False,0
552,hard_16,Neck,False,0,False,0
553,hard_16,Pipe / Tube,False,0,False,0
554,hard_16,"Boss (Circular / Obround / Irregular / Rectangular, etc)",True,2,False,0
555,hard_16,"Freeform Features (Depression, Protrusion)",False,0,False,0
556,hard_16,Rib,False,0,False,0
557,hard_16,Gusset,False,0,False,0
558,hard_16,Draft,False,0,False,0
559,hard_16,Sheet Metal Features,False,0,False,0
560,medium_33,Hole (Through / Blind Hole),True,5,True,2
561,medium_33,Slot (Through / Blind / T-Slot / Dovetail),False,0,False,0
562,medium_33,Step (Through / Blind Step),False,0,False,0
563,medium_33,Pocket (Blind / Through / Circular End Pocket),False,0,False,0
564,medium_33,Chamfer / Bevel (Sharp Edge),False,0,False,0
565,medium_33,Fillet / Round (Concave / Convex),False,0,True,1
566,medium_33,Threaded Feature,False,0,False,0
567,medium_33,Gear Teeth,False,0,False,0
568,medium_33,Neck,False,0,False,0
569,medium_33,Pipe / Tube,True,1,False,0
570,medium_33,"Boss (Circular / Obround / Irregular / Rectangular, etc)",False,0,False,0
571,medium_33,"Freeform Features (Depression, Protrusion)",False,0,False,0
572,medium_33,Rib,False,0,False,0
573,medium_33,Gusset,False,0,False,0
574,medium_33,Draft,False,0,False,0
575,medium_33,Sheet Metal Features,False,0,False,0
576,medium_25,Hole (Through / Blind Hole),True,13,True,2
577,medium_25,Slot (Through / Blind / T-Slot / Dovetail),False,0,False,0
578,medium_25,Step (Through / Blind Step),False,0,False,0
579,medium_25,Pocket (Blind / Through / Circular End Pocket),False,0,False,0
580,medium_25,Chamfer / Bevel (Sharp Edge),False,0,True,1
581,medium_25,Fillet / Round (Concave / Convex),True,4,False,0
582,medium_25,Threaded Feature,False,0,False,0
583,medium_25,Gear Teeth,False,0,False,0
584,medium_25,Neck,False,0,False,0
585,medium_25,Pipe / Tube,False,0,False,0
586,medium_25,"Boss (Circular / Obround / Irregular / Rectangular, etc)",False,0,False,0
587,medium_25,"Freeform Features (Depression, Protrusion)",False,0,False,0
588,medium_25,Rib,False,0,False,0
589,medium_25,Gusset,False,0,False,0
590,medium_25,Draft,False,0,False,0
591,medium_25,Sheet Metal Features,False,0,False,0
592,easy_29,Hole (Through / Blind Hole),True,4,False,0
593,easy_29,Slot (Through / Blind / T-Slot / Dovetail),False,0,False,0
594,easy_29,Step (Through / Blind Step),False,0,False,0
595,easy_29,Pocket (Blind / Through / Circular End Pocket),False,0,False,0
596,easy_29,Chamfer / Bevel (Sharp Edge),False,0,False,0
597,easy_29,Fillet / Round (Concave / Convex),False,0,False,0
598,easy_29,Threaded Feature,False,0,False,0
599,easy_29,Gear Teeth,False,0,False,0
600,easy_29,Neck,False,0,False,0
601,easy_29,Pipe / Tube,False,0,False,0
602,easy_29,"Boss (Circular / Obround / Irregular / Rectangular, etc)",True,1,True,3
603,easy_29,"Freeform Features (Depression, Protrusion)",False,0,False,0
604,easy_29,Rib,False,0,False,0
605,easy_29,Gusset,False,0,False,0
606,easy_29,Draft,False,0,False,0
607,easy_29,Sheet Metal Features,False,0,False,0
608,medium_9,Hole (Through / Blind Hole),False,0,False,0
609,medium_9,Slot (Through / Blind / T-Slot / Dovetail),False,0,False,0
610,medium_9,Step (Through / Blind Step),False,0,False,0
611,medium_9,Pocket (Blind / Through / Circular End Pocket),False,0,True,1
612,medium_9,Chamfer / Bevel (Sharp Edge),True,2,False,0
613,medium_9,Fillet / Round (Concave / Convex),True,1,True,1
614,medium_9,Threaded Feature,False,0,False,0
615,medium_9,Gear Teeth,False,0,False,0
616,medium_9,Neck,False,0,False,0
617,medium_9,Pipe / Tube,False,0,False,0
618,medium_9,"Boss (Circular / Obround / Irregular / Rectangular, etc)",False,0,True,1
619,medium_9,"Freeform Features (Depression, Protrusion)",False,0,False,0
620,medium_9,Rib,False,0,False,0
621,medium_9,Gusset,True,1,False,0
622,medium_9,Draft,False,0,False,0
623,medium_9,Sheet Metal Features,False,0,False,0
624,medium_7,Hole (Through / Blind Hole),True,1,True,2
625,medium_7,Slot (Through / Blind / T-Slot / Dovetail),False,0,True,1
626,medium_7,Step (Through / Blind Step),True,2,True,1
627,medium_7,Pocket (Blind / Through / Circular End Pocket),True,1,True,1
628,medium_7,Chamfer / Bevel (Sharp Edge),False,0,True,1
629,medium_7,Fillet / Round (Concave / Convex),False,0,True,1
630,medium_7,Threaded Feature,False,0,False,0
631,medium_7,Gear Teeth,False,0,False,0
632,medium_7,Neck,False,0,True,1
633,medium_7,Pipe / Tube,False,0,False,0
634,medium_7,"Boss (Circular / Obround / Irregular / Rectangular, etc)",False,0,False,0
635,medium_7,"Freeform Features (Depression, Protrusion)",False,0,False,0
636,medium_7,Rib,False,0,False,0
637,medium_7,Gusset,False,0,False,0
638,medium_7,Draft,False,0,False,0
639,medium_7,Sheet Metal Features,False,0,False,0
640,easy_21,Hole (Through / Blind Hole),True,1,True,2
641,easy_21,Slot (Through / Blind / T-Slot / Dovetail),True,2,True,1
642,easy_21,Step (Through / Blind Step),False,0,False,0
643,easy_21,Pocket (Blind / Through / Circular End Pocket),False,0,True,1
644,easy_21,Chamfer / Bevel (Sharp Edge),False,0,True,1
645,easy_21,Fillet / Round (Concave / Convex),False,0,True,1
646,easy_21,Threaded Feature,False,0,True,1
647,easy_21,Gear Teeth,False,0,False,0
648,easy_21,Neck,False,0,False,0
649,easy_21,Pipe / Tube,False,0,False,0
650,easy_21,"Boss (Circular / Obround / Irregular / Rectangular, etc)",False,0,False,0
651,easy_21,"Freeform Features (Depression, Protrusion)",False,0,False,0
652,easy_21,Rib,False,0,False,0
653,easy_21,Gusset,False,0,False,0
654,easy_21,Draft,False,0,False,0
655,easy_21,Sheet Metal Features,False,0,False,0
656,easy_32,Hole (Through / Blind Hole),True,1,False,0
657,easy_32,Slot (Through / Blind / T-Slot / Dovetail),False,0,False,0
658,easy_32,Step (Through / Blind Step),False,0,False,0
659,easy_32,Pocket (Blind / Through / Circular End Pocket),True,1,False,0
660,easy_32,Chamfer / Bevel (Sharp Edge),False,0,False,0
661,easy_32,Fillet / Round (Concave / Convex),False,0,False,0
662,easy_32,Threaded Feature,True,1,False,0
663,easy_32,Gear Teeth,False,0,False,0
664,easy_32,Neck,False,0,False,0
665,easy_32,Pipe / Tube,False,0,False,0
666,easy_32,"Boss (Circular / Obround / Irregular / Rectangular, etc)",True,1,True,3
667,easy_32,"Freeform Features (Depression, Protrusion)",True,1,False,0
668,easy_32,Rib,False,0,False,0
669,easy_32,Gusset,False,0,False,0
670,easy_32,Draft,False,0,False,0
671,easy_32,Sheet Metal Features,False,0,False,0
672,medium_24,Hole (Through / Blind Hole),True,2,True,2
673,medium_24,Slot (Through / Blind / T-Slot / Dovetail),True,2,True,1
674,medium_24,Step (Through / Blind Step),True,1,False,0
675,medium_24,Pocket (Blind / Through / Circular End Pocket),True,1,True,1
676,medium_24,Chamfer / Bevel (Sharp Edge),False,0,True,1
677,medium_24,Fillet / Round (Concave / Convex),False,0,True,1
678,medium_24,Threaded Feature,False,0,True,1
679,medium_24,Gear Teeth,False,0,True,1
680,medium_24,Neck,False,0,True,1
681,medium_24,Pipe / Tube,False,0,True,1
682,medium_24,"Boss (Circular / Obround / Irregular / Rectangular, etc)",False,0,True,1
683,medium_24,"Freeform Features (Depression, Protrusion)",False,0,True,1
684,medium_24,Rib,False,0,True,1
685,medium_24,Gusset,False,0,True,1
686,medium_24,Draft,False,0,True,1
687,medium_24,Sheet Metal Features,False,0,True,1
688,hard_8,Hole (Through / Blind Hole),True,8,True,1
689,hard_8,Slot (Through / Blind / T-Slot / Dovetail),False,0,False,0
690,hard_8,Step (Through / Blind Step),False,0,False,0
691,hard_8,Pocket (Blind / Through / Circular End Pocket),False,0,False,0
692,hard_8,Chamfer / Bevel (Sharp Edge),False,0,False,0
693,hard_8,Fillet / Round (Concave / Convex),True,2,True,1
694,hard_8,Threaded Feature,False,0,False,0
695,hard_8,Gear Teeth,False,0,False,0
696,hard_8,Neck,False,0,False,0
697,hard_8,Pipe / Tube,True,1,False,0
698,hard_8,"Boss (Circular / Obround / Irregular / Rectangular, etc)",False,0,True,1
699,hard_8,"Freeform Features (Depression, Protrusion)",False,0,False,0
700,hard_8,Rib,False,0,False,0
701,hard_8,Gusset,False,0,False,0
702,hard_8,Draft,False,0,False,0
703,hard_8,Sheet Metal Features,True,1,False,0
704,medium_27,Hole (Through / Blind Hole),True,3,True,2
705,medium_27,Slot (Through / Blind / T-Slot / Dovetail),True,1,False,0
706,medium_27,Step (Through / Blind Step),False,0,False,0
707,medium_27,Pocket (Blind / Through / Circular End Pocket),False,0,False,0
708,medium_27,Chamfer / Bevel (Sharp Edge),False,0,True,1
709,medium_27,Fillet / Round (Concave / Convex),False,0,False,0
710,medium_27,Threaded Feature,False,0,False,0
711,medium_27,Gear Teeth,False,0,False,0
712,medium_27,Neck,False,0,False,0
713,medium_27,Pipe / Tube,False,0,False,0
714,medium_27,"Boss (Circular / Obround / Irregular / Rectangular, etc)",False,0,False,0
715,medium_27,"Freeform Features (Depression, Protrusion)",False,0,False,0
716,medium_27,Rib,False,0,False,0
717,medium_27,Gusset,False,0,False,0
718,medium_27,Draft,False,0,False,0
719,medium_27,Sheet Metal Features,False,0,False,0
720,easy_22,Hole (Through / Blind Hole),True,1,False,0
721,easy_22,Slot (Through / Blind / T-Slot / Dovetail),False,0,False,0
722,easy_22,Step (Through / Blind Step),False,0,False,0
723,easy_22,Pocket (Blind / Through / Circular End Pocket),False,0,False,0
724,easy_22,Chamfer / Bevel (Sharp Edge),False,0,False,0
725,easy_22,Fillet / Round (Concave / Convex),False,0,True,1
726,easy_22,Threaded Feature,False,0,False,0
727,easy_22,Gear Teeth,False,0,False,0
728,easy_22,Neck,False,0,False,0
729,easy_22,Pipe / Tube,False,0,False,0
730,easy_22,"Boss (Circular / Obround / Irregular / Rectangular, etc)",True,1,True,1
731,easy_22,"Freeform Features (Depression, Protrusion)",False,0,False,0
732,easy_22,Rib,False,0,False,0
733,easy_22,Gusset,False,0,False,0
734,easy_22,Draft,False,0,False,0
735,easy_22,Sheet Metal Features,False,0,False,0
736,easy_6,Hole (Through / Blind Hole),True,2,True,2
737,easy_6,Slot (Through / Blind / T-Slot / Dovetail),False,0,True,1
738,easy_6,Step (Through / Blind Step),False,0,False,0
739,easy_6,Pocket (Blind / Through / Circular End Pocket),False,0,True,1
740,easy_6,Chamfer / Bevel (Sharp Edge),False,0,True,1
741,easy_6,Fillet / Round (Concave / Convex),False,0,True,1
742,easy_6,Threaded Feature,False,0,False,0
743,easy_6,Gear Teeth,False,0,False,0
744,easy_6,Neck,False,0,False,0
745,easy_6,Pipe / Tube,False,0,False,0
746,easy_6,"Boss (Circular / Obround / Irregular / Rectangular, etc)",False,0,False,0
747,easy_6,"Freeform Features (Depression, Protrusion)",False,0,False,0
748,easy_6,Rib,False,0,False,0
749,easy_6,Gusset,False,0,False,0
750,easy_6,Draft,False,0,False,0
751,easy_6,Sheet Metal Features,False,0,False,0
752,medium_1,Hole (Through / Blind Hole),True,2,True,2
753,medium_1,Slot (Through / Blind / T-Slot / Dovetail),False,0,True,1
754,medium_1,Step (Through / Blind Step),False,0,False,0
755,medium_1,Pocket (Blind / Through / Circular End Pocket),True,2,True,1
756,medium_1,Chamfer / Bevel (Sharp Edge),False,0,True,1
757,medium_1,Fillet / Round (Concave / Convex),False,0,True,1
758,medium_1,Threaded Feature,False,0,False,0
759,medium_1,Gear Teeth,False,0,False,0
760,medium_1,Neck,False,0,False,0
761,medium_1,Pipe / Tube,False,0,False,0
762,medium_1,"Boss (Circular / Obround / Irregular / Rectangular, etc)",False,0,False,0
763,medium_1,"Freeform Features (Depression, Protrusion)",False,0,False,0
764,medium_1,Rib,False,0,False,0
765,medium_1,Gusset,False,0,False,0
766,medium_1,Draft,False,0,False,0
767,medium_1,Sheet Metal Features,False,0,False,0
768,easy_23,Hole (Through / Blind Hole),True,4,True,2
769,easy_23,Slot (Through / Blind / T-Slot / Dovetail),False,0,False,0
770,easy_23,Step (Through / Blind Step),False,0,False,0
771,easy_23,Pocket (Blind / Through / Circular End Pocket),False,0,False,0
772,easy_23,Chamfer / Bevel (Sharp Edge),False,0,False,0
773,easy_23,Fillet / Round (Concave / Convex),False,0,True,1
774,easy_23,Threaded Feature,False,0,False,0
775,easy_23,Gear Teeth,False,0,False,0
776,easy_23,Neck,False,0,False,0
777,easy_23,Pipe / Tube,False,0,False,0
778,easy_23,"Boss (Circular / Obround / Irregular / Rectangular, etc)",False,0,False,0
779,easy_23,"Freeform Features (Depression, Protrusion)",False,0,False,0
780,easy_23,Rib,False,0,False,0
781,easy_23,Gusset,False,0,False,0
782,easy_23,Draft,False,0,False,0
783,easy_23,Sheet Metal Features,False,0,False,0
784,easy_2,Hole (Through / Blind Hole),True,1,True,2
785,easy_2,Slot (Through / Blind / T-Slot / Dovetail),True,2,True,1
786,easy_2,Step (Through / Blind Step),False,0,False,0
787,easy_2,Pocket (Blind / Through / Circular End Pocket),False,0,False,0
788,easy_2,Chamfer / Bevel (Sharp Edge),True,1,True,1
789,easy_2,Fillet / Round (Concave / Convex),True,1,False,0
790,easy_2,Threaded Feature,False,0,False,0
791,easy_2,Gear Teeth,False,0,False,0
792,easy_2,Neck,False,0,False,0
793,easy_2,Pipe / Tube,False,0,False,0
794,easy_2,"Boss (Circular / Obround / Irregular / Rectangular, etc)",False,0,False,0
795,easy_2,"Freeform Features (Depression, Protrusion)",False,0,False,0
796,easy_2,Rib,False,0,False,0
797,easy_2,Gusset,False,0,False,0
798,easy_2,Draft,False,0,False,0
799,easy_2,Sheet Metal Features,False,0,False,0
800,hard_6,Hole (Through / Blind Hole),True,6,True,2
801,hard_6,Slot (Through / Blind / T-Slot / Dovetail),False,0,True,1
802,hard_6,Step (Through / Blind Step),False,0,False,0
803,hard_6,Pocket (Blind / Through / Circular End Pocket),False,0,True,1
804,hard_6,Chamfer / Bevel (Sharp Edge),False,0,True,1
805,hard_6,Fillet / Round (Concave / Convex),True,2,True,1
806,hard_6,Threaded Feature,False,0,True,1
807,hard_6,Gear Teeth,False,0,True,1
808,hard_6,Neck,False,0,True,1
809,hard_6,Pipe / Tube,True,1,True,1
810,hard_6,"Boss (Circular / Obround / Irregular / Rectangular, etc)",True,2,True,1
811,hard_6,"Freeform Features (Depression, Protrusion)",False,0,True,1
812,hard_6,Rib,False,0,True,1
813,hard_6,Gusset,False,0,True,1
814,hard_6,Draft,False,0,True,1
815,hard_6,Sheet Metal Features,False,0,True,1
816,hard_26,Hole (Through / Blind Hole),True,2,True,2
817,hard_26,Slot (Through / Blind / T-Slot / Dovetail),False,0,True,1
818,hard_26,Step (Through / Blind Step),False,0,False,0
819,hard_26,Pocket (Blind / Through / Circular End Pocket),False,0,True,1
820,hard_26,Chamfer / Bevel (Sharp Edge),False,0,True,1
821,hard_26,Fillet / Round (Concave / Convex),False,0,True,1
822,hard_26,Threaded Feature,False,0,True,1
823,hard_26,Gear Teeth,False,0,False,0
824,hard_26,Neck,False,0,False,0
825,hard_26,Pipe / Tube,False,0,False,0
826,hard_26,"Boss (Circular / Obround / Irregular / Rectangular, etc)",False,0,False,0
827,hard_26,"Freeform Features (Depression, Protrusion)",False,0,False,0
828,hard_26,Rib,False,0,False,0
829,hard_26,Gusset,False,0,False,0
830,hard_26,Draft,False,0,False,0
831,hard_26,Sheet Metal Features,True,1,False,0
832,medium_29,Hole (Through / Blind Hole),True,2,True,2
833,medium_29,Slot (Through / Blind / T-Slot / Dovetail),True,1,True,1
834,medium_29,Step (Through / Blind Step),False,0,False,0
835,medium_29,Pocket (Blind / Through / Circular End Pocket),False,0,True,1
836,medium_29,Chamfer / Bevel (Sharp Edge),False,0,True,1
837,medium_29,Fillet / Round (Concave / Convex),False,0,True,1
838,medium_29,Threaded Feature,False,0,True,1
839,medium_29,Gear Teeth,False,0,True,1
840,medium_29,Neck,False,0,True,1
841,medium_29,Pipe / Tube,False,0,True,1
842,medium_29,"Boss (Circular / Obround / Irregular / Rectangular, etc)",True,2,True,1
843,medium_29,"Freeform Features (Depression, Protrusion)",False,0,True,1
844,medium_29,Rib,False,0,True,1
845,medium_29,Gusset,False,0,True,1
846,medium_29,Draft,False,0,True,1
847,medium_29,Sheet Metal Features,False,0,True,1
848,medium_13,Hole (Through / Blind Hole),True,2,True,2
849,medium_13,Slot (Through / Blind / T-Slot / Dovetail),True,1,True,1
850,medium_13,Step (Through / Blind Step),False,0,False,0
851,medium_13,Pocket (Blind / Through / Circular End Pocket),True,4,True,1
852,medium_13,Chamfer / Bevel (Sharp Edge),True,1,True,1
853,medium_13,Fillet / Round (Concave / Convex),True,1,True,1
854,medium_13,Threaded Feature,False,0,False,0
855,medium_13,Gear Teeth,False,0,False,0
856,medium_13,Neck,False,0,False,0
857,medium_13,Pipe / Tube,False,0,False,0
858,medium_13,"Boss (Circular / Obround / Irregular / Rectangular, etc)",True,2,False,0
859,medium_13,"Freeform Features (Depression, Protrusion)",False,0,False,0
860,medium_13,Rib,False,0,False,0
861,medium_13,Gusset,False,0,False,0
862,medium_13,Draft,False,0,False,0
863,medium_13,Sheet Metal Features,False,0,False,0
864,hard_22,Hole (Through / Blind Hole),True,2,True,2
865,hard_22,Slot (Through / Blind / T-Slot / Dovetail),True,1,True,1
866,hard_22,Step (Through / Blind Step),False,0,False,0
867,hard_22,Pocket (Blind / Through / Circular End Pocket),False,0,True,1
868,hard_22,Chamfer / Bevel (Sharp Edge),False,0,True,1
869,hard_22,Fillet / Round (Concave / Convex),True,1,True,1
870,hard_22,Threaded Feature,False,0,True,1
871,hard_22,Gear Teeth,False,0,True,1
872,hard_22,Neck,False,0,True,1
873,hard_22,Pipe / Tube,True,1,True,1
874,hard_22,"Boss (Circular / Obround / Irregular / Rectangular, etc)",False,0,True,1
875,hard_22,"Freeform Features (Depression, Protrusion)",False,0,True,1
876,hard_22,Rib,False,0,True,1
877,hard_22,Gusset,False,0,True,1
878,hard_22,Draft,False,0,True,1
879,hard_22,Sheet Metal Features,False,0,True,1
880,hard_32,Hole (Through / Blind Hole),True,6,True,2
881,hard_32,Slot (Through / Blind / T-Slot / Dovetail),True,2,True,1
882,hard_32,Step (Through / Blind Step),False,0,False,0
883,hard_32,Pocket (Blind / Through / Circular End Pocket),False,0,True,1
884,hard_32,Chamfer / Bevel (Sharp Edge),False,0,True,1
885,hard_32,Fillet / Round (Concave / Convex),False,0,True,1
886,hard_32,Threaded Feature,True,1,True,1
887,hard_32,Gear Teeth,False,0,False,0
888,hard_32,Neck,False,0,False,0
889,hard_32,Pipe / Tube,False,0,False,0
890,hard_32,"Boss (Circular / Obround / Irregular / Rectangular, etc)",False,0,False,0
891,hard_32,"Freeform Features (Depression, Protrusion)",False,0,False,0
892,hard_32,Rib,False,0,False,0
893,hard_32,Gusset,True,2,False,0
894,hard_32,Draft,False,0,False,0
895,hard_32,Sheet Metal Features,False,0,False,0
896,hard_29,Hole (Through / Blind Hole),True,3,True,2
897,hard_29,Slot (Through / Blind / T-Slot / Dovetail),False,0,True,1
898,hard_29,Step (Through / Blind Step),False,0,False,0
899,hard_29,Pocket (Blind / Through / Circular End Pocket),False,0,True,1
900,hard_29,Chamfer / Bevel (Sharp Edge),False,0,True,1
901,hard_29,Fillet / Round (Concave / Convex),True,4,True,1
902,hard_29,Threaded Feature,True,1,False,0
903,hard_29,Gear Teeth,False,0,False,0
904,hard_29,Neck,False,0,False,0
905,hard_29,Pipe / Tube,False,0,False,0
906,hard_29,"Boss (Circular / Obround / Irregular / Rectangular, etc)",False,0,False,0
907,hard_29,"Freeform Features (Depression, Protrusion)",False,0,False,0
908,hard_29,Rib,False,0,False,0
909,hard_29,Gusset,False,0,False,0
910,hard_29,Draft,False,0,False,0
911,hard_29,Sheet Metal Features,True,1,False,0
912,medium_16,Hole (Through / Blind Hole),True,2,True,2
913,medium_16,Slot (Through / Blind / T-Slot / Dovetail),False,0,False,0
914,medium_16,Step (Through / Blind Step),False,0,False,0
915,medium_16,Pocket (Blind / Through / Circular End Pocket),False,0,False,0
916,medium_16,Chamfer / Bevel (Sharp Edge),False,0,True,1
917,medium_16,Fillet / Round (Concave / Convex),True,4,True,1
918,medium_16,Threaded Feature,False,0,False,0
919,medium_16,Gear Teeth,False,0,False,0
920,medium_16,Neck,False,0,False,0
921,medium_16,Pipe / Tube,False,0,False,0
922,medium_16,"Boss (Circular / Obround / Irregular / Rectangular, etc)",False,0,False,0
923,medium_16,"Freeform Features (Depression, Protrusion)",False,0,False,0
924,medium_16,Rib,False,0,False,0
925,medium_16,Gusset,False,0,False,0
926,medium_16,Draft,False,0,False,0
927,medium_16,Sheet Metal Features,False,0,False,0
928,medium_31,Hole (Through / Blind Hole),True,2,False,0
929,medium_31,Slot (Through / Blind / T-Slot / Dovetail),True,1,False,0
930,medium_31,Step (Through / Blind Step),False,0,False,0
931,medium_31,Pocket (Blind / Through / Circular End Pocket),False,0,False,0
932,medium_31,Chamfer / Bevel (Sharp Edge),False,0,False,0
933,medium_31,Fillet / Round (Concave / Convex),False,0,False,0
934,medium_31,Threaded Feature,False,0,False,0
935,medium_31,Gear Teeth,False,0,False,0
936,medium_31,Neck,False,0,False,0
937,medium_31,Pipe / Tube,False,0,True,1
938,medium_31,"Boss (Circular / Obround / Irregular / Rectangular, etc)",False,0,True,1
939,medium_31,"Freeform Features (Depression, Protrusion)",False,0,False,0
940,medium_31,Rib,False,0,False,0
941,medium_31,Gusset,False,0,False,0
942,medium_31,Draft,False,0,False,0
943,medium_31,Sheet Metal Features,False,0,False,0
944,hard_23,Hole (Through / Blind Hole),True,1,True,2
945,hard_23,Slot (Through / Blind / T-Slot / Dovetail),False,0,False,0
946,hard_23,Step (Through / Blind Step),False,0,False,0
947,hard_23,Pocket (Blind / Through / Circular End Pocket),True,5,False,0
948,hard_23,Chamfer / Bevel (Sharp Edge),False,0,False,0
949,hard_23,Fillet / Round (Concave / Convex),False,0,True,4
950,hard_23,Threaded Feature,False,0,False,0
951,hard_23,Gear Teeth,True,1,False,0
952,hard_23,Neck,False,0,False,0
953,hard_23,Pipe / Tube,False,0,False,0
954,hard_23,"Boss (Circular / Obround / Irregular / Rectangular, etc)",False,0,False,0
955,hard_23,"Freeform Features (Depression, Protrusion)",False,0,False,0
956,hard_23,Rib,False,0,False,0
957,hard_23,Gusset,False,0,False,0
958,hard_23,Draft,False,0,False,0
959,hard_23,Sheet Metal Features,False,0,False,0
960,medium_4,Hole (Through / Blind Hole),True,1,True,2
961,medium_4,Slot (Through / Blind / T-Slot / Dovetail),True,4,True,1
962,medium_4,Step (Through / Blind Step),False,0,False,0
963,medium_4,Pocket (Blind / Through / Circular End Pocket),False,0,True,1
964,medium_4,Chamfer / Bevel (Sharp Edge),False,0,True,1
965,medium_4,Fillet / Round (Concave / Convex),False,0,True,1
966,medium_4,Threaded Feature,False,0,False,0
967,medium_4,Gear Teeth,False,0,False,0
968,medium_4,Neck,False,0,False,0
969,medium_4,Pipe / Tube,False,0,False,0
970,medium_4,"Boss (Circular / Obround / Irregular / Rectangular, etc)",False,0,False,0
971,medium_4,"Freeform Features (Depression, Protrusion)",False,0,False,0
972,medium_4,Rib,False,0,False,0
973,medium_4,Gusset,False,0,False,0
974,medium_4,Draft,False,0,False,0
975,medium_4,Sheet Metal Features,False,0,False,0
976,medium_30,Hole (Through / Blind Hole),False,0,False,0
977,medium_30,Slot (Through / Blind / T-Slot / Dovetail),True,2,False,0
978,medium_30,Step (Through / Blind Step),False,0,False,0
979,medium_30,Pocket (Blind / Through / Circular End Pocket),False,0,False,0
980,medium_30,Chamfer / Bevel (Sharp Edge),True,1,False,0
981,medium_30,Fillet / Round (Concave / Convex),False,0,False,0
982,medium_30,Threaded Feature,False,0,False,0
983,medium_30,Gear Teeth,False,0,False,0
984,medium_30,Neck,False,0,False,0
985,medium_30,Pipe / Tube,False,0,False,0
986,medium_30,"Boss (Circular / Obround / Irregular / Rectangular, etc)",False,0,True,3
987,medium_30,"Freeform Features (Depression, Protrusion)",False,0,False,0
988,medium_30,Rib,False,0,False,0
989,medium_30,Gusset,False,0,False,0
990,medium_30,Draft,False,0,False,0
991,medium_30,Sheet Metal Features,False,0,False,0
992,easy_8,Hole (Through / Blind Hole),False,0,True,2
993,easy_8,Slot (Through / Blind / T-Slot / Dovetail),False,0,False,0
994,easy_8,Step (Through / Blind Step),False,0,False,0
995,easy_8,Pocket (Blind / Through / Circular End Pocket),False,0,False,0
996,easy_8,Chamfer / Bevel (Sharp Edge),False,0,True,1
997,easy_8,Fillet / Round (Concave / Convex),False,0,True,1
998,easy_8,Threaded Feature,False,0,False,0
999,easy_8,Gear Teeth,True,1,False,0
1000,easy_8,Neck,False,0,False,0
1001,easy_8,Pipe / Tube,False,0,False,0
1002,easy_8,"Boss (Circular / Obround / Irregular / Rectangular, etc)",False,0,False,0
1003,easy_8,"Freeform Features (Depression, Protrusion)",False,0,False,0
1004,easy_8,Rib,False,0,False,0
1005,easy_8,Gusset,False,0,False,0
1006,easy_8,Draft,False,0,False,0
1007,easy_8,Sheet Metal Features,False,0,False,0
1008,medium_32,Hole (Through / Blind Hole),True,4,True,2
1009,medium_32,Slot (Through / Blind / T-Slot / Dovetail),False,0,False,0
1010,medium_32,Step (Through / Blind Step),False,0,False,0
1011,medium_32,Pocket (Blind / Through / Circular End Pocket),False,0,True,1
1012,medium_32,Chamfer / Bevel (Sharp Edge),False,0,True,1
1013,medium_32,Fillet / Round (Concave / Convex),True,1,False,0
1014,medium_32,Threaded Feature,True,2,False,0
1015,medium_32,Gear Teeth,False,0,False,0
1016,medium_32,Neck,False,0,False,0
1017,medium_32,Pipe / Tube,False,0,False,0
1018,medium_32,"Boss (Circular / Obround / Irregular / Rectangular, etc)",False,0,False,0
1019,medium_32,"Freeform Features (Depression, Protrusion)",False,0,False,0
1020,medium_32,Rib,False,0,False,0
1021,medium_32,Gusset,False,0,False,0
1022,medium_32,Draft,False,0,False,0
1023,medium_32,Sheet Metal Features,False,0,False,0
1024,easy_15,Hole (Through / Blind Hole),False,0,True,2
1025,easy_15,Slot (Through / Blind / T-Slot / Dovetail),False,0,True,1
1026,easy_15,Step (Through / Blind Step),False,0,False,0
1027,easy_15,Pocket (Blind / Through / Circular End Pocket),True,1,False,0
1028,easy_15,Chamfer / Bevel (Sharp Edge),True,1,True,1
1029,easy_15,Fillet / Round (Concave / Convex),False,0,True,1
1030,easy_15,Threaded Feature,False,0,False,0
1031,easy_15,Gear Teeth,False,0,False,0
1032,easy_15,Neck,False,0,False,0
1033,easy_15,Pipe / Tube,False,0,False,0
1034,easy_15,"Boss (Circular / Obround / Irregular / Rectangular, etc)",False,0,False,0
1035,easy_15,"Freeform Features (Depression, Protrusion)",False,0,False,0
1036,easy_15,Rib,False,0,False,0
1037,easy_15,Gusset,False,0,False,0
1038,easy_15,Draft,False,0,False,0
1039,easy_15,Sheet Metal Features,False,0,False,0
1040,easy_11,Hole (Through / Blind Hole),False,0,False,0
1041,easy_11,Slot (Through / Blind / T-Slot / Dovetail),False,0,True,1
1042,easy_11,Step (Through / Blind Step),False,0,False,0
1043,easy_11,Pocket (Blind / Through / Circular End Pocket),True,2,True,1
1044,easy_11,Chamfer / Bevel (Sharp Edge),False,0,True,1
1045,easy_11,Fillet / Round (Concave / Convex),False,0,True,1
1046,easy_11,Threaded Feature,False,0,False,0
1047,easy_11,Gear Teeth,False,0,False,0
1048,easy_11,Neck,False,0,False,0
1049,easy_11,Pipe / Tube,False,0,False,0
1050,easy_11,"Boss (Circular / Obround / Irregular / Rectangular, etc)",False,0,False,0
1051,easy_11,"Freeform Features (Depression, Protrusion)",False,0,False,0
1052,easy_11,Rib,False,0,False,0
1053,easy_11,Gusset,False,0,False,0
1054,easy_11,Draft,False,0,False,0
1055,easy_11,Sheet Metal Features,False,0,False,0
1056,easy_4,Hole (Through / Blind Hole),True,2,True,2
1057,easy_4,Slot (Through / Blind / T-Slot / Dovetail),False,0,True,1
1058,easy_4,Step (Through / Blind Step),False,0,False,0
1059,easy_4,Pocket (Blind / Through / Circular End Pocket),False,0,True,1
1060,easy_4,Chamfer / Bevel (Sharp Edge),True,4,True,1
1061,easy_4,Fillet / Round (Concave / Convex),False,0,True,1
1062,easy_4,Threaded Feature,False,0,False,0
1063,easy_4,Gear Teeth,False,0,False,0
1064,easy_4,Neck,False,0,False,0
1065,easy_4,Pipe / Tube,False,0,False,0
1066,easy_4,"Boss (Circular / Obround / Irregular / Rectangular, etc)",False,0,False,0
1067,easy_4,"Freeform Features (Depression, Protrusion)",False,0,False,0
1068,easy_4,Rib,False,0,False,0
1069,easy_4,Gusset,False,0,False,0
1070,easy_4,Draft,False,0,False,0
1071,easy_4,Sheet Metal Features,False,0,False,0
1072,easy_20,Hole (Through / Blind Hole),False,0,False,0
1073,easy_20,Slot (Through / Blind / T-Slot / Dovetail),True,2,False,0
1074,easy_20,Step (Through / Blind Step),False,0,False,0
1075,easy_20,Pocket (Blind / Through / Circular End Pocket),False,0,False,0
1076,easy_20,Chamfer / Bevel (Sharp Edge),False,0,False,0
1077,easy_20,Fillet / Round (Concave / Convex),False,0,False,0
1078,easy_20,Threaded Feature,False,0,False,0
1079,easy_20,Gear Teeth,False,0,False,0
1080,easy_20,Neck,False,0,False,0
1081,easy_20,Pipe / Tube,False,0,False,0
1082,easy_20,"Boss (Circular / Obround / Irregular / Rectangular, etc)",False,0,True,3
1083,easy_20,"Freeform Features (Depression, Protrusion)",False,0,False,0
1084,easy_20,Rib,False,0,False,0
1085,easy_20,Gusset,False,0,False,0
1086,easy_20,Draft,False,0,False,0
1087,easy_20,Sheet Metal Features,False,0,False,0
1088,medium_18,Hole (Through / Blind Hole),False,0,True,2
1089,medium_18,Slot (Through / Blind / T-Slot / Dovetail),True,3,True,1
1090,medium_18,Step (Through / Blind Step),False,0,False,0
1091,medium_18,Pocket (Blind / Through / Circular End Pocket),False,0,False,0
1092,medium_18,Chamfer / Bevel (Sharp Edge),False,0,True,1
1093,medium_18,Fillet / Round (Concave / Convex),False,0,True,1
1094,medium_18,Threaded Feature,False,0,False,0
1095,medium_18,Gear Teeth,False,0,False,0
1096,medium_18,Neck,False,0,False,0
1097,medium_18,Pipe / Tube,False,0,False,0
1098,medium_18,"Boss (Circular / Obround / Irregular / Rectangular, etc)",False,0,False,0
1099,medium_18,"Freeform Features (Depression, Protrusion)",False,0,False,0
1100,medium_18,Rib,False,0,False,0
1101,medium_18,Gusset,False,0,False,0
1102,medium_18,Draft,False,0,False,0
1103,medium_18,Sheet Metal Features,True,1,False,0
1104,easy_17,Hole (Through / Blind Hole),False,0,False,0
1105,easy_17,Slot (Through / Blind / T-Slot / Dovetail),True,1,True,1
1106,easy_17,Step (Through / Blind Step),True,2,False,0
1107,easy_17,Pocket (Blind / Through / Circular End Pocket),False,0,True,1
1108,easy_17,Chamfer / Bevel (Sharp Edge),False,0,True,1
1109,easy_17,Fillet / Round (Concave / Convex),False,0,True,1
1110,easy_17,Threaded Feature,False,0,False,0
1111,easy_17,Gear Teeth,False,0,False,0
1112,easy_17,Neck,False,0,False,0
1113,easy_17,Pipe / Tube,False,0,False,0
1114,easy_17,"Boss (Circular / Obround / Irregular / Rectangular, etc)",False,0,False,0
1115,easy_17,"Freeform Features (Depression, Protrusion)",False,0,False,0
1116,easy_17,Rib,False,0,False,0
1117,easy_17,Gusset,False,0,False,0
1118,easy_17,Draft,False,0,False,0
1119,easy_17,Sheet Metal Features,False,0,False,0
1120,easy_14,Hole (Through / Blind Hole),False,0,False,0
1121,easy_14,Slot (Through / Blind / T-Slot / Dovetail),True,2,True,1
1122,easy_14,Step (Through / Blind Step),False,0,False,0
1123,easy_14,Pocket (Blind / Through / Circular End Pocket),False,0,True,1
1124,easy_14,Chamfer / Bevel (Sharp Edge),False,0,True,1
1125,easy_14,Fillet / Round (Concave / Convex),False,0,True,1
1126,easy_14,Threaded Feature,False,0,False,0
1127,easy_14,Gear Teeth,False,0,False,0
1128,easy_14,Neck,False,0,False,0
1129,easy_14,Pipe / Tube,False,0,False,0
1130,easy_14,"Boss (Circular / Obround / Irregular / Rectangular, etc)",False,0,False,0
1131,easy_14,"Freeform Features (Depression, Protrusion)",False,0,False,0
1132,easy_14,Rib,False,0,False,0
1133,easy_14,Gusset,False,0,False,0
1134,easy_14,Draft,False,0,False,0
1135,easy_14,Sheet Metal Features,False,0,False,0
1136,easy_7,Hole (Through / Blind Hole),False,0,False,0
1137,easy_7,Slot (Through / Blind / T-Slot / Dovetail),True,1,True,1
1138,easy_7,Step (Through / Blind Step),False,0,False,0
1139,easy_7,Pocket (Blind / Through / Circular End Pocket),False,0,True,1
1140,easy_7,Chamfer / Bevel (Sharp Edge),False,0,True,1
1141,easy_7,Fillet / Round (Concave / Convex),False,0,True,1
1142,easy_7,Threaded Feature,False,0,False,0
1143,easy_7,Gear Teeth,False,0,False,0
1144,easy_7,Neck,False,0,False,0
1145,easy_7,Pipe / Tube,False,0,False,0
1146,easy_7,"Boss (Circular / Obround / Irregular / Rectangular, etc)",False,0,False,0
1147,easy_7,"Freeform Features (Depression, Protrusion)",False,0,False,0
1148,easy_7,Rib,False,0,False,0
1149,easy_7,Gusset,False,0,False,0
1150,easy_7,Draft,False,0,False,0
1151,easy_7,Sheet Metal Features,False,0,False,0
1152,easy_30,Hole (Through / Blind Hole),True,3,True,2
1153,easy_30,Slot (Through / Blind / T-Slot / Dovetail),False,0,False,0
1154,easy_30,Step (Through / Blind Step),False,0,False,0
1155,easy_30,Pocket (Blind / Through / Circular End Pocket),False,0,False,0
1156,easy_30,Chamfer / Bevel (Sharp Edge),False,0,True,1
1157,easy_30,Fillet / Round (Concave / Convex),False,0,False,0
1158,easy_30,Threaded Feature,False,0,False,0
1159,easy_30,Gear Teeth,False,0,False,0
1160,easy_30,Neck,False,0,False,0
1161,easy_30,Pipe / Tube,False,0,False,0
1162,easy_30,"Boss (Circular / Obround / Irregular / Rectangular, etc)",False,0,False,0
1163,easy_30,"Freeform Features (Depression, Protrusion)",False,0,False,0
1164,easy_30,Rib,False,0,False,0
1165,easy_30,Gusset,False,0,False,0
1166,easy_30,Draft,False,0,False,0
1167,easy_30,Sheet Metal Features,False,0,False,0
1168,easy_31,Hole (Through / Blind Hole),True,4,False,0
1169,easy_31,Slot (Through / Blind / T-Slot / Dovetail),False,0,False,0
1170,easy_31,Step (Through / Blind Step),False,0,False,0
1171,easy_31,Pocket (Blind / Through / Circular End Pocket),True,1,False,0
1172,easy_31,Chamfer / Bevel (Sharp Edge),False,0,False,0
1173,easy_31,Fillet / Round (Concave / Convex),False,0,False,0
1174,easy_31,Threaded Feature,False,0,False,0
1175,easy_31,Gear Teeth,False,0,False,0
1176,easy_31,Neck,False,0,False,0
1177,easy_31,Pipe / Tube,False,0,False,0
1178,easy_31,"Boss (Circular / Obround / Irregular / Rectangular, etc)",False,0,True,3
1179,easy_31,"Freeform Features (Depression, Protrusion)",False,0,False,0
1180,easy_31,Rib,False,0,False,0
1181,easy_31,Gusset,False,0,False,0
1182,easy_31,Draft,False,0,False,0
1183,easy_31,Sheet Metal Features,False,0,False,0
1184,easy_18,Hole (Through / Blind Hole),True,1,True,2
1185,easy_18,Slot (Through / Blind / T-Slot / Dovetail),False,0,False,0
1186,easy_18,Step (Through / Blind Step),False,0,False,0
1187,easy_18,Pocket (Blind / Through / Circular End Pocket),False,0,False,0
1188,easy_18,Chamfer / Bevel (Sharp Edge),False,0,False,0
1189,easy_18,Fillet / Round (Concave / Convex),False,0,True,1
1190,easy_18,Threaded Feature,False,0,False,0
1191,easy_18,Gear Teeth,True,1,False,0
1192,easy_18,Neck,False,0,False,0
1193,easy_18,Pipe / Tube,False,0,False,0
1194,easy_18,"Boss (Circular / Obround / Irregular / Rectangular, etc)",False,0,False,0
1195,easy_18,"Freeform Features (Depression, Protrusion)",False,0,False,0
1196,easy_18,Rib,False,0,False,0
1197,easy_18,Gusset,False,0,False,0
1198,easy_18,Draft,False,0,False,0
1199,easy_18,Sheet Metal Features,False,0,False,0
1200,hard_21,Hole (Through / Blind Hole),True,6,True,2
1201,hard_21,Slot (Through / Blind / T-Slot / Dovetail),False,0,False,0
1202,hard_21,Step (Through / Blind Step),False,0,False,0
1203,hard_21,Pocket (Blind / Through / Circular End Pocket),False,0,False,0
1204,hard_21,Chamfer / Bevel (Sharp Edge),False,0,False,0
1205,hard_21,Fillet / Round (Concave / Convex),True,2,True,1
1206,hard_21,Threaded Feature,False,0,False,0
1207,hard_21,Gear Teeth,False,0,False,0
1208,hard_21,Neck,False,0,False,0
1209,hard_21,Pipe / Tube,True,1,False,0
1210,hard_21,"Boss (Circular / Obround / Irregular / Rectangular, etc)",False,0,False,0
1211,hard_21,"Freeform Features (Depression, Protrusion)",False,0,False,0
1212,hard_21,Rib,False,0,False,0
1213,hard_21,Gusset,False,0,False,0
1214,hard_21,Draft,False,0,False,0
1215,hard_21,Sheet Metal Features,False,0,False,0
1216,easy_16,Hole (Through / Blind Hole),True,2,True,2
1217,easy_16,Slot (Through / Blind / T-Slot / Dovetail),False,0,True,1
1218,easy_16,Step (Through / Blind Step),False,0,False,0
1219,easy_16,Pocket (Blind / Through / Circular End Pocket),True,1,True,1
1220,easy_16,Chamfer / Bevel (Sharp Edge),False,0,True,1
1221,easy_16,Fillet / Round (Concave / Convex),False,0,True,1
1222,easy_16,Threaded Feature,False,0,False,0
1223,easy_16,Gear Teeth,False,0,False,0
1224,easy_16,Neck,False,0,False,0
1225,easy_16,Pipe / Tube,False,0,False,0
1226,easy_16,"Boss (Circular / Obround / Irregular / Rectangular, etc)",False,0,False,0
1227,easy_16,"Freeform Features (Depression, Protrusion)",False,0,False,0
1228,easy_16,Rib,False,0,False,0
1229,easy_16,Gusset,False,0,False,0
1230,easy_16,Draft,False,0,False,0
1231,easy_16,Sheet Metal Features,False,0,False,0
1232,hard_27,Hole (Through / Blind Hole),True,5,True,2
1233,hard_27,Slot (Through / Blind / T-Slot / Dovetail),True,4,False,0
1234,hard_27,Step (Through / Blind Step),False,0,False,0
1235,hard_27,Pocket (Blind / Through / Circular End Pocket),False,0,False,0
1236,hard_27,Chamfer / Bevel (Sharp Edge),False,0,False,0
1237,hard_27,Fillet / Round (Concave / Convex),False,0,True,1
1238,hard_27,Threaded Feature,False,0,False,0
1239,hard_27,Gear Teeth,False,0,False,0
1240,hard_27,Neck,False,0,False,0
1241,hard_27,Pipe / Tube,False,0,False,0
1242,hard_27,"Boss (Circular / Obround / Irregular / Rectangular, etc)",False,0,False,0
1243,hard_27,"Freeform Features (Depression, Protrusion)",False,0,False,0
1244,hard_27,Rib,False,0,False,0
1245,hard_27,Gusset,False,0,False,0
1246,hard_27,Draft,False,0,False,0
1247,hard_27,Sheet Metal Features,False,0,False,0
1248,medium_8,Hole (Through / Blind Hole),True,2,True,2
1249,medium_8,Slot (Through / Blind / T-Slot / Dovetail),False,0,True,1
1250,medium_8,Step (Through / Blind Step),True,2,True,1
1251,medium_8,Pocket (Blind / Through / Circular End Pocket),True,1,True,1
1252,medium_8,Chamfer / Bevel (Sharp Edge),False,0,True,1
1253,medium_8,Fillet / Round (Concave / Convex),False,0,True,1
1254,medium_8,Threaded Feature,False,0,False,0
1255,medium_8,Gear Teeth,False,0,False,0
1256,medium_8,Neck,False,0,False,0
1257,medium_8,Pipe / Tube,False,0,False,0
1258,medium_8,"Boss (Circular / Obround / Irregular / Rectangular, etc)",True,1,False,0
1259,medium_8,"Freeform Features (Depression, Protrusion)",False,0,False,0
1260,medium_8,Rib,False,0,False,0
1261,medium_8,Gusset,False,0,False,0
1262,medium_8,Draft,False,0,False,0
1263,medium_8,Sheet Metal Features,False,0,False,0
1264,medium_21,Hole (Through / Blind Hole),True,2,False,0
1265,medium_21,Slot (Through / Blind / T-Slot / Dovetail),False,0,False,0
1266,medium_21,Step (Through / Blind Step),False,0,False,0
1267,medium_21,Pocket (Blind / Through / Circular End Pocket),False,0,True,1
1268,medium_21,Chamfer / Bevel (Sharp Edge),False,0,False,0
1269,medium_21,Fillet / Round (Concave / Convex),True,2,True,1
1270,medium_21,Threaded Feature,False,0,False,0
1271,medium_21,Gear Teeth,False,0,False,0
1272,medium_21,Neck,False,0,False,0
1273,medium_21,Pipe / Tube,False,0,False,0
1274,medium_21,"Boss (Circular / Obround / Irregular / Rectangular, etc)",True,1,False,0
1275,medium_21,"Freeform Features (Depression, Protrusion)",False,0,False,0
1276,medium_21,Rib,False,0,False,0
1277,medium_21,Gusset,False,0,False,0
1278,medium_21,Draft,True,1,False,0
1279,medium_21,Sheet Metal Features,False,0,False,0
1280,hard_10,Hole (Through / Blind Hole),True,4,True,2
1281,hard_10,Slot (Through / Blind / T-Slot / Dovetail),False,0,True,1
1282,hard_10,Step (Through / Blind Step),False,0,False,0
1283,hard_10,Pocket (Blind / Through / Circular End Pocket),False,0,True,1
1284,hard_10,Chamfer / Bevel (Sharp Edge),False,0,True,1
1285,hard_10,Fillet / Round (Concave / Convex),True,2,True,1
1286,hard_10,Threaded Feature,False,0,False,0
1287,hard_10,Gear Teeth,False,0,False,0
1288,hard_10,Neck,False,0,False,0
1289,hard_10,Pipe / Tube,True,2,False,0
1290,hard_10,"Boss (Circular / Obround / Irregular / Rectangular, etc)",True,1,False,0
1291,hard_10,"Freeform Features (Depression, Protrusion)",False,0,False,0
1292,hard_10,Rib,False,0,False,0
1293,hard_10,Gusset,False,0,False,0
1294,hard_10,Draft,False,0,False,0
1295,hard_10,Sheet Metal Features,False,0,False,0
1296,medium_5,Hole (Through / Blind Hole),False,0,True,2
1297,medium_5,Slot (Through / Blind / T-Slot / Dovetail),True,1,True,1
1298,medium_5,Step (Through / Blind Step),True,1,True,1
1299,medium_5,Pocket (Blind / Through / Circular End Pocket),True,2,True,1
1300,medium_5,Chamfer / Bevel (Sharp Edge),False,0,True,1
1301,medium_5,Fillet / Round (Concave / Convex),False,0,True,1
1302,medium_5,Threaded Feature,False,0,False,0
1303,medium_5,Gear Teeth,False,0,False,0
1304,medium_5,Neck,False,0,False,0
1305,medium_5,Pipe / Tube,False,0,False,0
1306,medium_5,"Boss (Circular / Obround / Irregular / Rectangular, etc)",True,2,False,0
1307,medium_5,"Freeform Features (Depression, Protrusion)",False,0,False,0
1308,medium_5,Rib,False,0,False,0
1309,medium_5,Gusset,False,0,False,0
1310,medium_5,Draft,False,0,False,0
1311,medium_5,Sheet Metal Features,False,0,False,0
1312,medium_26,Hole (Through / Blind Hole),True,19,True,2
1313,medium_26,Slot (Through / Blind / T-Slot / Dovetail),False,0,False,0
1314,medium_26,Step (Through / Blind Step),False,0,False,0
1315,medium_26,Pocket (Blind / Through / Circular End Pocket),False,0,True,1
1316,medium_26,Chamfer / Bevel (Sharp Edge),False,0,False,0
1317,medium_26,Fillet / Round (Concave / Convex),False,0,True,1
1318,medium_26,Threaded Feature,False,0,False,0
1319,medium_26,Gear Teeth,False,0,False,0
1320,medium_26,Neck,False,0,False,0
1321,medium_26,Pipe / Tube,False,0,False,0
1322,medium_26,"Boss (Circular / Obround / Irregular / Rectangular, etc)",False,0,False,0
1323,medium_26,"Freeform Features (Depression, Protrusion)",False,0,False,0
1324,medium_26,Rib,False,0,False,0
1325,medium_26,Gusset,False,0,False,0
1326,medium_26,Draft,False,0,False,0
1327,medium_26,Sheet Metal Features,False,0,False,0
1328,hard_20,Hole (Through / Blind Hole),True,1,True,2
1329,hard_20,Slot (Through / Blind / T-Slot / Dovetail),True,18,False,0
1330,hard_20,Step (Through / Blind Step),False,0,False,0
1331,hard_20,Pocket (Blind / Through / Circular End Pocket),False,0,False,0
1332,hard_20,Chamfer / Bevel (Sharp Edge),False,0,False,0
1333,hard_20,Fillet / Round (Concave / Convex),False,0,True,1
1334,hard_20,Threaded Feature,False,0,False,0
1335,hard_20,Gear Teeth,False,0,False,0
1336,hard_20,Neck,False,0,False,0
1337,hard_20,Pipe / Tube,False,0,False,0
1338,hard_20,"Boss (Circular / Obround / Irregular / Rectangular, etc)",False,0,False,0
1339,hard_20,"Freeform Features (Depression, Protrusion)",False,0,False,0
1340,hard_20,Rib,False,0,False,0
1341,hard_20,Gusset,False,0,False,0
1342,hard_20,Draft,False,0,False,0
1343,hard_20,Sheet Metal Features,False,0,False,0
1344,hard_34,Hole (Through / Blind Hole),True,3,True,2
1345,hard_34,Slot (Through / Blind / T-Slot / Dovetail),False,0,True,1
1346,hard_34,Step (Through / Blind Step),False,0,False,0
1347,hard_34,Pocket (Blind / Through / Circular End Pocket),False,0,True,1
1348,hard_34,Chamfer / Bevel (Sharp Edge),False,0,True,1
1349,hard_34,Fillet / Round (Concave / Convex),True,4,True,1
1350,hard_34,Threaded Feature,False,0,True,1
1351,hard_34,Gear Teeth,False,0,True,1
1352,hard_34,Neck,False,0,True,1
1353,hard_34,Pipe / Tube,False,0,True,1
1354,hard_34,"Boss (Circular / Obround / Irregular / Rectangular, etc)",False,0,True,1
1355,hard_34,"Freeform Features (Depression, Protrusion)",False,0,True,1
1356,hard_34,Rib,False,0,True,1
1357,hard_34,Gusset,False,0,True,1
1358,hard_34,Draft,False,0,True,1
1359,hard_34,Sheet Metal Features,False,0,True,1
1360,medium_6,Hole (Through / Blind Hole),False,0,False,0
1361,medium_6,Slot (Through / Blind / T-Slot / Dovetail),True,1,True,1
1362,medium_6,Step (Through / Blind Step),True,1,False,0
1363,medium_6,Pocket (Blind / Through / Circular End Pocket),True,1,True,1
1364,medium_6,Chamfer / Bevel (Sharp Edge),False,0,True,1
1365,medium_6,Fillet / Round (Concave / Convex),False,0,True,1
1366,medium_6,Threaded Feature,False,0,False,0
1367,medium_6,Gear Teeth,False,0,False,0
1368,medium_6,Neck,False,0,False,0
1369,medium_6,Pipe / Tube,False,0,False,0
1370,medium_6,"Boss (Circular / Obround / Irregular / Rectangular, etc)",False,0,False,0
1371,medium_6,"Freeform Features (Depression, Protrusion)",False,0,False,0
1372,medium_6,Rib,False,0,False,0
1373,medium_6,Gusset,False,0,False,0
1374,medium_6,Draft,False,0,False,0
1375,medium_6,Sheet Metal Features,False,0,False,0
1376,hard_17,Hole (Through / Blind Hole),True,3,True,2
1377,hard_17,Slot (Through / Blind / T-Slot / Dovetail),True,4,True,1
1378,hard_17,Step (Through / Blind Step),False,0,False,0
1379,hard_17,Pocket (Blind / Through / Circular End Pocket),False,0,True,1
1380,hard_17,Chamfer / Bevel (Sharp Edge),False,0,True,1
1381,hard_17,Fillet / Round (Concave / Convex),False,0,True,1
1382,hard_17,Threaded Feature,False,0,True,1
1383,hard_17,Gear Teeth,False,0,True,1
1384,hard_17,Neck,False,0,True,1
1385,hard_17,Pipe / Tube,False,0,True,1
1386,hard_17,"Boss (Circular / Obround / Irregular / Rectangular, etc)",False,0,True,1
1387,hard_17,"Freeform Features (Depression, Protrusion)",False,0,True,1
1388,hard_17,Rib,False,0,True,1
1389,hard_17,Gusset,False,0,True,1
1390,hard_17,Draft,False,0,True,1
1391,hard_17,Sheet Metal Features,False,0,True,1
1392,hard_3,Hole (Through / Blind Hole),True,2,True,2
1393,hard_3,Slot (Through / Blind / T-Slot / Dovetail),False,0,True,1
1394,hard_3,Step (Through / Blind Step),False,0,True,1
1395,hard_3,Pocket (Blind / Through / Circular End Pocket),False,0,True,1
1396,hard_3,Chamfer / Bevel (Sharp Edge),False,0,True,1
1397,hard_3,Fillet / Round (Concave / Convex),True,1,True,1
1398,hard_3,Threaded Feature,False,0,False,0
1399,hard_3,Gear Teeth,False,0,False,0
1400,hard_3,Neck,False,0,False,0
1401,hard_3,Pipe / Tube,True,1,False,0
1402,hard_3,"Boss (Circular / Obround / Irregular / Rectangular, etc)",True,1,False,0
1403,hard_3,"Freeform Features (Depression, Protrusion)",False,0,False,0
1404,hard_3,Rib,False,0,False,0
1405,hard_3,Gusset,False,0,False,0
1406,hard_3,Draft,False,0,False,0
1407,hard_3,Sheet Metal Features,False,0,False,0
1408,medium_10,Hole (Through / Blind Hole),False,0,True,2
1409,medium_10,Slot (Through / Blind / T-Slot / Dovetail),True,4,True,1
1410,medium_10,Step (Through / Blind Step),False,0,True,1
1411,medium_10,Pocket (Blind / Through / Circular End Pocket),False,0,True,1
1412,medium_10,Chamfer / Bevel (Sharp Edge),False,0,True,1
1413,medium_10,Fillet / Round (Concave / Convex),False,0,True,1
1414,medium_10,Threaded Feature,False,0,False,0
1415,medium_10,Gear Teeth,False,0,False,0
1416,medium_10,Neck,False,0,False,0
1417,medium_10,Pipe / Tube,False,0,False,0
1418,medium_10,"Boss (Circular / Obround / Irregular / Rectangular, etc)",True,1,False,0
1419,medium_10,"Freeform Features (Depression, Protrusion)",False,0,False,0
1420,medium_10,Rib,False,0,False,0
1421,medium_10,Gusset,False,0,False,0
1422,medium_10,Draft,False,0,False,0
1423,medium_10,Sheet Metal Features,False,0,False,0
1424,hard_4,Hole (Through / Blind Hole),True,5,True,1
1425,hard_4,Slot (Through / Blind / T-Slot / Dovetail),True,1,False,0
1426,hard_4,Step (Through / Blind Step),False,0,False,0
1427,hard_4,Pocket (Blind / Through / Circular End Pocket),False,0,False,0
1428,hard_4,Chamfer / Bevel (Sharp Edge),False,0,True,1
1429,hard_4,Fillet / Round (Concave / Convex),True,4,False,0
1430,hard_4,Threaded Feature,False,0,False,0
1431,hard_4,Gear Teeth,False,0,False,0
1432,hard_4,Neck,False,0,False,0
1433,hard_4,Pipe / Tube,False,0,False,0
1434,hard_4,"Boss (Circular / Obround / Irregular / Rectangular, etc)",True,1,False,0
1435,hard_4,"Freeform Features (Depression, Protrusion)",False,0,False,0
1436,hard_4,Rib,False,0,False,0
1437,hard_4,Gusset,False,0,False,0
1438,hard_4,Draft,False,0,False,0
1439,hard_4,Sheet Metal Features,False,0,False,0
1440,easy_12,Hole (Through / Blind Hole),True,1,True,2
1441,easy_12,Slot (Through / Blind / T-Slot / Dovetail),False,0,True,1
1442,easy_12,Step (Through / Blind Step),False,0,False,0
1443,easy_12,Pocket (Blind / Through / Circular End Pocket),True,1,True,1
1444,easy_12,Chamfer / Bevel (Sharp Edge),False,0,True,1
1445,easy_12,Fillet / Round (Concave / Convex),False,0,True,1
1446,easy_12,Threaded Feature,False,0,False,0
1447,easy_12,Gear Teeth,False,0,False,0
1448,easy_12,Neck,False,0,False,0
1449,easy_12,Pipe / Tube,False,0,False,0
1450,easy_12,"Boss (Circular / Obround / Irregular / Rectangular, etc)",False,0,False,0
1451,easy_12,"Freeform Features (Depression, Protrusion)",False,0,False,0
1452,easy_12,Rib,False,0,False,0
1453,easy_12,Gusset,False,0,False,0
1454,easy_12,Draft,False,0,False,0
1455,easy_12,Sheet Metal Features,False,0,False,0
1456,easy_33,Hole (Through / Blind Hole),True,4,False,0
1457,easy_33,Slot (Through / Blind / T-Slot / Dovetail),True,1,False,0
1458,easy_33,Step (Through / Blind Step),False,0,False,0
1459,easy_33,Pocket (Blind / Through / Circular End Pocket),True,1,False,0
1460,easy_33,Chamfer / Bevel (Sharp Edge),False,0,False,0
1461,easy_33,Fillet / Round (Concave / Convex),False,0,True,1
1462,easy_33,Threaded Feature,True,1,False,0
1463,easy_33,Gear Teeth,False,0,False,0
1464,easy_33,Neck,False,0,False,0
1465,easy_33,Pipe / Tube,False,0,False,0
1466,easy_33,"Boss (Circular / Obround / Irregular / Rectangular, etc)",False,0,True,1
1467,easy_33,"Freeform Features (Depression, Protrusion)",False,0,False,0
1468,easy_33,Rib,False,0,False,0
1469,easy_33,Gusset,False,0,False,0
1470,easy_33,Draft,False,0,False,0
1471,easy_33,Sheet Metal Features,False,0,False,0
1472,hard_11,Hole (Through / Blind Hole),True,4,False,0
1473,hard_11,Slot (Through / Blind / T-Slot / Dovetail),True,2,False,0
1474,hard_11,Step (Through / Blind Step),True,1,False,0
1475,hard_11,Pocket (Blind / Through / Circular End Pocket),False,0,True,1
1476,hard_11,Chamfer / Bevel (Sharp Edge),False,0,False,0
1477,hard_11,Fillet / Round (Concave / Convex),True,4,True,1
1478,hard_11,Threaded Feature,False,0,False,0
1479,hard_11,Gear Teeth,False,0,False,0
1480,hard_11,Neck,False,0,False,0
1481,hard_11,Pipe / Tube,False,0,False,0
1482,hard_11,"Boss (Circular / Obround / Irregular / Rectangular, etc)",False,0,True,1
1483,hard_11,"Freeform Features (Depression, Protrusion)",False,0,False,0
1484,hard_11,Rib,False,0,False,0
1485,hard_11,Gusset,False,0,False,0
1486,hard_11,Draft,False,0,False,0
1487,hard_11,Sheet Metal Features,False,0,False,0
1488,hard_1,Hole (Through / Blind Hole),True,2,True,2
1489,hard_1,Slot (Through / Blind / T-Slot / Dovetail),False,0,True,1
1490,hard_1,Step (Through / Blind Step),True,1,False,0
1491,hard_1,Pocket (Blind / Through / Circular End Pocket),False,0,False,0
1492,hard_1,Chamfer / Bevel (Sharp Edge),False,0,True,1
1493,hard_1,Fillet / Round (Concave / Convex),True,2,True,1
1494,hard_1,Threaded Feature,False,0,False,0
1495,hard_1,Gear Teeth,False,0,False,0
1496,hard_1,Neck,False,0,False,0
1497,hard_1,Pipe / Tube,False,0,False,0
1498,hard_1,"Boss (Circular / Obround / Irregular / Rectangular, etc)",False,0,False,0
1499,hard_1,"Freeform Features (Depression, Protrusion)",True,1,False,0
1500,hard_1,Rib,False,0,False,0
1501,hard_1,Gusset,False,0,False,0
1502,hard_1,Draft,False,0,False,0
1503,hard_1,Sheet Metal Features,False,0,False,0
1504,easy_19,Hole (Through / Blind Hole),False,0,False,0
1505,easy_19,Slot (Through / Blind / T-Slot / Dovetail),False,0,False,0
1506,easy_19,Step (Through / Blind Step),False,0,False,0
1507,easy_19,Pocket (Blind / Through / Circular End Pocket),False,0,False,0
1508,easy_19,Chamfer / Bevel (Sharp Edge),False,0,False,0
1509,easy_19,Fillet / Round (Concave / Convex),False,0,True,1
1510,easy_19,Threaded Feature,False,0,False,0
1511,easy_19,Gear Teeth,False,0,False,0
1512,easy_19,Neck,True,1,False,0
1513,easy_19,Pipe / Tube,False,0,False,0
1514,easy_19,"Boss (Circular / Obround / Irregular / Rectangular, etc)",True,1,True,1
1515,easy_19,"Freeform Features (Depression, Protrusion)",False,0,False,0
1516,easy_19,Rib,False,0,False,0
1517,easy_19,Gusset,False,0,False,0
1518,easy_19,Draft,False,0,False,0
1519,easy_19,Sheet Metal Features,False,0,False,0
1520,hard_30,Hole (Through / Blind Hole),True,2,True,2
1521,hard_30,Slot (Through / Blind / T-Slot / Dovetail),True,2,True,1
1522,hard_30,Step (Through / Blind Step),False,0,False,0
1523,hard_30,Pocket (Blind / Through / Circular End Pocket),True,3,True,1
1524,hard_30,Chamfer / Bevel (Sharp Edge),False,0,True,1
1525,hard_30,Fillet / Round (Concave / Convex),False,0,True,1
1526,hard_30,Threaded Feature,False,0,True,1
1527,hard_30,Gear Teeth,False,0,True,1
1528,hard_30,Neck,False,0,True,1
1529,hard_30,Pipe / Tube,False,0,True,1
1530,hard_30,"Boss (Circular / Obround / Irregular / Rectangular, etc)",False,0,True,1
1531,hard_30,"Freeform Features (Depression, Protrusion)",False,0,True,1
1532,hard_30,Rib,False,0,True,1
1533,hard_30,Gusset,False,0,True,1
1534,hard_30,Draft,False,0,True,1
1535,hard_30,Sheet Metal Features,False,0,True,1
1536,hard_31,Hole (Through / Blind Hole),True,8,True,2
1537,hard_31,Slot (Through / Blind / T-Slot / Dovetail),False,0,False,0
1538,hard_31,Step (Through / Blind Step),False,0,False,0
1539,hard_31,Pocket (Blind / Through / Circular End Pocket),False,0,False,0
1540,hard_31,Chamfer / Bevel (Sharp Edge),False,0,False,0
1541,hard_31,Fillet / Round (Concave / Convex),True,2,True,1
1542,hard_31,Threaded Feature,False,0,False,0
1543,hard_31,Gear Teeth,False,0,False,0
1544,hard_31,Neck,False,0,False,0
1545,hard_31,Pipe / Tube,True,1,False,0
1546,hard_31,"Boss (Circular / Obround / Irregular / Rectangular, etc)",False,0,False,0
1547,hard_31,"Freeform Features (Depression, Protrusion)",False,0,False,0
1548,hard_31,Rib,False,0,False,0
1549,hard_31,Gusset,True,6,False,0
1550,hard_31,Draft,False,0,False,0
1551,hard_31,Sheet Metal Features,False,0,False,0
1552,medium_14,Hole (Through / Blind Hole),True,1,True,2
1553,medium_14,Slot (Through / Blind / T-Slot / Dovetail),False,0,True,1
1554,medium_14,Step (Through / Blind Step),False,0,False,0
1555,medium_14,Pocket (Blind / Through / Circular End Pocket),True,1,True,1
1556,medium_14,Chamfer / Bevel (Sharp Edge),True,1,True,1
1557,medium_14,Fillet / Round (Concave / Convex),True,1,True,1
1558,medium_14,Threaded Feature,False,0,False,0
1559,medium_14,Gear Teeth,False,0,False,0
1560,medium_14,Neck,False,0,False,0
1561,medium_14,Pipe / Tube,False,0,False,0
1562,medium_14,"Boss (Circular / Obround / Irregular / Rectangular, etc)",True,1,False,0
1563,medium_14,"Freeform Features (Depression, Protrusion)",False,0,False,0
1564,medium_14,Rib,False,0,False,0
1565,medium_14,Gusset,False,0,False,0
1566,medium_14,Draft,False,0,False,0
1567,medium_14,Sheet Metal Features,False,0,False,0
1568,easy_1,Hole (Through / Blind Hole),True,1,True,2
1569,easy_1,Slot (Through / Blind / T-Slot / Dovetail),False,0,False,0
1570,easy_1,Step (Through / Blind Step),False,0,False,0
1571,easy_1,Pocket (Blind / Through / Circular End Pocket),False,0,False,0
1572,easy_1,Chamfer / Bevel (Sharp Edge),False,0,True,1
1573,easy_1,Fillet / Round (Concave / Convex),True,4,True,1
1574,easy_1,Threaded Feature,False,0,False,0
1575,easy_1,Gear Teeth,False,0,False,0
1576,easy_1,Neck,False,0,False,0
1577,easy_1,Pipe / Tube,False,0,False,0
1578,easy_1,"Boss (Circular / Obround / Irregular / Rectangular, etc)",False,0,False,0
1579,easy_1,"Freeform Features (Depression, Protrusion)",False,0,False,0
1580,easy_1,Rib,False,0,False,0
1581,easy_1,Gusset,False,0,False,0
1582,easy_1,Draft,False,0,False,0
1583,easy_1,Sheet Metal Features,False,0,False,0
1584,easy_3,Hole (Through / Blind Hole),False,0,False,0
1585,easy_3,Slot (Through / Blind / T-Slot / Dovetail),True,1,True,1
1586,easy_3,Step (Through / Blind Step),False,0,False,0
1587,easy_3,Pocket (Blind / Through / Circular End Pocket),True,1,True,1
1588,easy_3,Chamfer / Bevel (Sharp Edge),False,0,True,1
1589,easy_3,Fillet / Round (Concave / Convex),False,0,True,1
1590,easy_3,Threaded Feature,False,0,False,0
1591,easy_3,Gear Teeth,False,0,False,0
1592,easy_3,Neck,False,0,False,0
1593,easy_3,Pipe / Tube,False,0,False,0
1594,easy_3,"Boss (Circular / Obround / Irregular / Rectangular, etc)",False,0,False,0
1595,easy_3,"Freeform Features (Depression, Protrusion)",False,0,False,0
1596,easy_3,Rib,False,0,False,0
1597,easy_3,Gusset,False,0,False,0
1598,easy_3,Draft,False,0,False,0
1599,easy_3,Sheet Metal Features,False,0,False,0
